bval,norm_avg,norm_std,c1_avg,c1_std,c2_avg,c2_std,c3_avg,c3_std,pval_norm_vs_c1,pval_norm_vs_c2,pval_norm_vs_c3,padj_norm_vs_c1,padj_norm_vs_c2,padj_norm_vs_c3,conv_set
cg00023464,0.4975618364,0.03374866767,0.4403844026,0.1387749505,0.4118298316,0.1179164849,0.5136698607,0.1229490307,0.0004,0.0000,0.0060,0.0011,0.0000,0.0109,1
cg00101453,0.01530048578,0.002981081137,0.01704177374,0.004054786097,0.0160464441,0.003173324515,0.01536662015,0.002844121723,0.1286,0.0848,0.5155,0.1610,0.1017,0.5545,1
cg00483562,0.09757896927,0.01898930216,0.3800840805,0.2127031887,0.1472313956,0.136637846,0.1352387708,0.09452173116,0.0000,0.0055,0.0082,0.0000,0.0080,0.0140,1
cg00660701,0.8758939613,0.02593833667,0.8828047746,0.03178256302,0.8942746558,0.02504242596,0.8751182938,0.0657088493,0.4566,0.0003,0.0429,0.5020,0.0006,0.0610,1
cg00693769,0.9608910087,0.03127041208,0.96012025,0.0119906366,0.9616966221,0.00763941743,0.9513033744,0.06940758556,0.0140,0.0000,0.0000,0.0240,0.0000,0.0001,1
cg00729269,0.07417708827,0.01979776183,0.06677192469,0.01065391815,0.07011436088,0.01480605161,0.06828249751,0.01375379159,0.0542,0.3771,0.3459,0.0776,0.4192,0.3934,1
cg00779130,0.04307113721,0.009869769808,0.04206182466,0.009427082233,0.04174669324,0.009135306998,0.04162948455,0.009049372909,0.3112,0.1312,0.2025,0.3519,0.1527,0.2398,1
cg00905354,0.9825997673,0.00529060867,0.9768277488,0.007451524522,0.9794635003,0.007234981418,0.9780243912,0.009786420044,0.0001,0.0028,0.0049,0.0003,0.0043,0.0092,1
cg00936146,0.03756267491,0.006638178524,0.2031655546,0.2587490329,0.03823594738,0.01423007586,0.0378003476,0.0088169703,0.0157,0.9798,0.6984,0.0256,0.9798,0.7353,1
cg01043865,0.076034314,0.01421218163,0.2195104688,0.1929020878,0.09979927768,0.06997405221,0.08774848523,0.0631745116,0.0000,0.0089,0.0175,0.0000,0.0125,0.0267,1
cg01226742,0.4540332977,0.04392056905,0.5444287677,0.2077525778,0.3312013406,0.1076135339,0.4487452071,0.08064070679,0.0027,0.0000,0.2823,0.0054,0.0000,0.3247,1
cg01361446,0.7006310973,0.1125398413,0.6134465998,0.1957592671,0.7686544208,0.1612855414,0.5920806688,0.1610444036,0.0964,0.0000,0.0003,0.1263,0.0000,0.0006,1
cg01579535,0.4614266275,0.04138207609,0.6250339525,0.149864268,0.6696964471,0.1244359618,0.4493647876,0.1822562752,0.0000,0.0000,0.0000,0.0000,0.0000,0.0001,1
cg01617920,0.931631278,0.01497392183,0.9392449229,0.01805732855,0.944871663,0.01534803473,0.9358511814,0.03505462805,0.1286,0.0000,0.0028,0.1610,0.0000,0.0055,1
cg01770232,0.2424577689,0.04488807758,0.1512978608,0.07211196193,0.1103004155,0.06387100024,0.1350076536,0.05293500096,0.0000,0.0000,0.0000,0.0000,0.0000,0.0000,1
cg02202483,0.9514194105,0.009843023978,0.93689222,0.02642590823,0.943841722,0.01291008203,0.9386381916,0.02425623096,0.0382,0.0010,0.0014,0.0571,0.0017,0.0030,1
cg02238504,0.8725078508,0.04622924327,0.7689825901,0.2029066683,0.9348291797,0.0411662031,0.908074179,0.06087527241,0.0053,0.0000,0.0000,0.0104,0.0000,0.0000,1
cg02310027,0.6672334946,0.07583744064,0.6833894637,0.2080669024,0.4189942351,0.1561231938,0.6671026019,0.1758407905,0.0327,0.0000,0.0021,0.0493,0.0000,0.0042,1
cg02544836,0.6770302326,0.06956617131,0.6387999137,0.09935005012,0.6891605,0.09223708977,0.5176458618,0.1271572014,0.0237,0.0112,0.0000,0.0370,0.0155,0.0000,1
cg02848122,0.9512777748,0.009563336908,0.943836131,0.01306394776,0.9477445598,0.009813770837,0.9407272559,0.01505759457,0.0843,0.0587,0.0001,0.1157,0.0721,0.0002,1
cg02907415,0.8534180025,0.04514398094,0.6679150343,0.2169567914,0.8592895445,0.1127785003,0.8287155297,0.1294946703,0.0000,0.0000,0.0901,0.0000,0.0000,0.1143,1
cg03008269,0.06159669269,0.01077550612,0.06105226057,0.008714619519,0.06189879039,0.009995817523,0.06469542169,0.01389202665,0.9541,0.2270,0.0871,0.9541,0.2581,0.1111,1
cg03112782,0.1085910091,0.01481378438,0.1019626339,0.02186319454,0.1009081301,0.01742670047,0.1040609315,0.03216307032,0.1415,0.0109,0.0059,0.1738,0.0152,0.0108,1
cg03115072,0.01560396964,0.003484325516,0.01723166991,0.003612908876,0.01735213512,0.004238728159,0.01667533115,0.004103372015,0.0960,0.0038,0.0134,0.1263,0.0056,0.0219,1
cg03191116,0.04152296325,0.00764390033,0.04104801387,0.004429727281,0.04277087956,0.007817189608,0.04405511935,0.01104470904,0.4200,0.2459,0.4930,0.4643,0.2780,0.5361,1
cg03599988,0.9486271379,0.06537373182,0.9601436098,0.01110454494,0.9603163742,0.01817072273,0.9583303492,0.02080424587,0.3357,0.1038,0.2115,0.3753,0.1222,0.2478,1
cg03804272,0.1419837017,0.03559906818,0.2576843381,0.2004144542,0.07591439795,0.08506246982,0.1026726954,0.08356952397,0.0027,0.0000,0.0000,0.0054,0.0000,0.0000,1
cg03851515,0.9391802048,0.01577041273,0.9193275035,0.06918938708,0.9461666266,0.01369486375,0.9265578952,0.04357538344,0.6053,0.0013,0.0243,0.6407,0.0021,0.0369,1
cg03988527,0.06467950563,0.02537877307,0.4499741762,0.1857842246,0.0875139571,0.1284120133,0.0691027346,0.09933200987,0.0000,0.0000,0.0000,0.0000,0.0000,0.0000,1
cg04141261,0.8510258141,0.04848597255,0.8627288015,0.04070743721,0.605811089,0.2224991531,0.7699859538,0.1519529267,0.6940,0.0000,0.0070,0.7231,0.0000,0.0122,1
cg04568117,0.01943060198,0.003371342292,0.02224381082,0.004261507242,0.02159631788,0.003890035534,0.02067566604,0.003616871256,0.0079,0.0014,0.0596,0.0143,0.0022,0.0795,1
cg04588514,0.9584061159,0.006340774263,0.7779124974,0.214195026,0.9435537643,0.03645735459,0.9374809696,0.03838522181,0.0000,0.0003,0.0000,0.0000,0.0005,0.0001,1
cg05272960,0.5538459285,0.03965191433,0.6016879827,0.1405445093,0.6786280568,0.1195382144,0.5054084351,0.1186024215,0.0001,0.0000,0.0003,0.0002,0.0000,0.0007,1
cg05454076,0.2632683462,0.04347262867,0.5890369122,0.1820748739,0.3991100645,0.2027255664,0.2646057173,0.1267875865,0.0000,0.0000,0.0136,0.0000,0.0000,0.0219,1
cg05607246,0.01485621241,0.003908247591,0.0149144836,0.002839214952,0.01528742572,0.00288283319,0.01561175279,0.004040061617,0.9344,0.0917,0.0540,0.9487,0.1093,0.0736,1
cg05826626,0.02142859192,0.003581884388,0.02476109795,0.004398799926,0.02454257377,0.00359709733,0.02411289531,0.005263844781,0.0090,0.0001,0.0159,0.0158,0.0001,0.0245,1
cg05938177,0.06529525906,0.01031539273,0.06582051607,0.02116949928,0.06031692613,0.01142489945,0.06030242966,0.013481375,0.1028,0.0228,0.0155,0.1337,0.0303,0.0245,1
cg06230247,0.7970780196,0.0669640224,0.8927329259,0.08701577642,0.902244405,0.07492900641,0.8710816616,0.1035850967,0.0000,0.0000,0.0000,0.0000,0.0000,0.0000,1
cg06287395,0.03242744557,0.005626743727,0.03589006882,0.008679264641,0.0357764218,0.009008131493,0.03671648246,0.01171584706,0.1674,0.0676,0.0639,0.2044,0.0825,0.0836,1
cg06431953,0.9326899993,0.01216463927,0.9143076682,0.02275412633,0.9198588675,0.01778814227,0.9169192525,0.02158859067,0.0012,0.0000,0.0002,0.0026,0.0000,0.0006,1
cg06580523,0.9100633383,0.02524190579,0.6586549418,0.252640842,0.8915435635,0.1153882206,0.8404924334,0.1740685108,0.0000,0.0000,0.0099,0.0000,0.0000,0.0166,1
cg06633637,0.0176564894,0.004048846896,0.01881979045,0.003255339106,0.01785408883,0.002288608066,0.0170138115,0.002023952282,0.0132,0.1545,0.9157,0.0229,0.1777,0.9203,1
cg06854842,0.4633873735,0.0565133188,0.2982259849,0.1124686342,0.2551926457,0.0748152332,0.3707471194,0.1075371545,0.0000,0.0000,0.0000,0.0000,0.0000,0.0000,1
cg06882058,0.4746322984,0.05140579734,0.6306521286,0.06742478191,0.6692707208,0.09359899468,0.4963026159,0.1230391859,0.0000,0.0000,0.0000,0.0000,0.0000,0.0000,1
cg06892815,0.9485897129,0.01276583221,0.9371888382,0.04487649798,0.9496903367,0.03376937234,0.9456570926,0.0400975871,0.5311,0.0022,0.0398,0.5712,0.0033,0.0570,1
cg07173112,0.6236703352,0.04560601481,0.6280743218,0.1366855731,0.5961131984,0.1185761613,0.6151262494,0.1179530443,0.0064,0.0001,0.0036,0.0123,0.0002,0.0068,1
cg07269003,0.9197378715,0.02305092021,0.9023728422,0.02887374879,0.9113040063,0.02680334811,0.8953193202,0.06255166004,0.0902,0.0564,0.0035,0.1213,0.0697,0.0067,1
cg07399395,0.8615331659,0.03938839745,0.8562650351,0.06587697591,0.9096310278,0.04540990679,0.8269057895,0.05694126982,0.2962,0.0000,0.0003,0.3408,0.0000,0.0007,1
cg07700962,0.03501406512,0.01038566505,0.03512170798,0.01195417733,0.03700398232,0.01371427823,0.03310075313,0.01156581763,0.9476,0.8595,0.4685,0.9523,0.8682,0.5179,1
cg07713896,0.06188927787,0.01759830885,0.2117460422,0.168821817,0.08460848363,0.05549177763,0.09239212236,0.04177155859,0.0000,0.0134,0.0000,0.0000,0.0184,0.0000,1
cg07824907,0.8592993278,0.05061121144,0.7484994098,0.07896545122,0.7834703709,0.06814594853,0.6627635462,0.1241405906,0.0000,0.0000,0.0000,0.0000,0.0000,0.0000,1
cg07825681,0.9753414357,0.01068175742,0.7947359291,0.2102573172,0.9786840181,0.01083272186,0.9633289664,0.08933805709,0.0000,0.0264,0.1383,0.0001,0.0346,0.1699,1
cg07905673,0.06494664153,0.01750946981,0.06827199747,0.04341846573,0.042924098,0.02218908402,0.05104698613,0.02796022515,0.0145,0.0000,0.0000,0.0242,0.0000,0.0000,1
cg08525845,0.2443962087,0.03398859777,0.4889929508,0.1648551341,0.3680705153,0.1358697306,0.331698751,0.1228169172,0.0000,0.0000,0.0000,0.0000,0.0000,0.0000,1
cg08703718,0.1019411088,0.01540239726,0.2835461223,0.2308291767,0.07897389811,0.04583217012,0.09700416916,0.07043146189,0.0002,0.0000,0.0000,0.0005,0.0000,0.0000,1
cg08889347,0.693614818,0.06261820357,0.6237477604,0.2769123063,0.8732110192,0.09305583577,0.7753914525,0.1861413308,0.0027,0.0000,0.0000,0.0054,0.0000,0.0000,1
cg09110148,0.1130491987,0.02434996624,0.4262989543,0.2404510461,0.2545153688,0.1585057028,0.1638653047,0.08541323234,0.0000,0.0000,0.0001,0.0000,0.0000,0.0002,1
cg09167117,0.6219336351,0.03724693411,0.6720055136,0.0938833657,0.6739108544,0.08212121355,0.6068884461,0.09808568021,0.0000,0.0000,0.0159,0.0001,0.0000,0.0245,1
cg09343544,0.1033309593,0.01788733366,0.1247945069,0.1005771835,0.1125188723,0.03495664951,0.1064260158,0.02969267968,0.2138,0.0558,0.8688,0.2532,0.0694,0.8866,1
cg09524078,0.08338754133,0.01504880538,0.1103881751,0.07925135485,0.07724895267,0.02275939327,0.0978310749,0.02428280406,0.2021,0.0032,0.0006,0.2438,0.0048,0.0014,1
cg09556823,0.9500203102,0.01658344133,0.9358115518,0.05549876174,0.9460686226,0.01438649356,0.9481558624,0.01980125288,0.1086,0.0228,0.2380,0.1395,0.0303,0.2770,1
cg09560533,0.780809612,0.03382293833,0.5799136188,0.2132738463,0.8299534242,0.1294127723,0.7813779507,0.1451550101,0.0000,0.0000,0.0000,0.0000,0.0000,0.0000,1
cg09817427,0.1890621723,0.0243419352,0.253266425,0.199118544,0.180280405,0.1402542568,0.2068069399,0.1326578429,0.0008,0.0000,0.0005,0.0017,0.0000,0.0013,1
cg09898060,0.01342696515,0.001662464376,0.01427466842,0.002041643814,0.01394798265,0.002141161149,0.01338451815,0.001700437257,0.0960,0.3280,0.9998,0.1263,0.3667,0.9998,1
cg09936190,0.08215561561,0.0100199625,0.0754934942,0.01004731563,0.07504623759,0.01314798254,0.07231041739,0.01222729913,0.0076,0.0002,0.0000,0.0139,0.0003,0.0001,1
cg10242602,0.1762363757,0.05596693214,0.5650686024,0.1986757894,0.2465337321,0.172586138,0.2930191091,0.1432435355,0.0000,0.0172,0.0000,0.0000,0.0231,0.0000,1
cg10584587,0.8306235702,0.07365811003,0.9111157084,0.1483299392,0.9859314194,0.004308448903,0.9135465948,0.1752760839,0.0000,0.0000,0.0000,0.0000,0.0000,0.0000,1
cg10592171,0.3516192175,0.03987669318,0.4073772904,0.1746840351,0.3432122372,0.1833624716,0.3385972704,0.1361971417,0.0024,0.0000,0.0007,0.0052,0.0000,0.0015,1
cg10687420,0.9214843866,0.02857315702,0.7570475646,0.188982853,0.8977746938,0.08553312462,0.8837307925,0.07522636567,0.0002,0.5159,0.0501,0.0005,0.5580,0.0693,1
cg10692118,0.07738093107,0.0113180387,0.2204799936,0.1907047983,0.07979056361,0.01546083195,0.07591023915,0.01153754909,0.0000,0.4807,0.5755,0.0000,0.5256,0.6092,1
cg10755961,0.06496644186,0.04965091254,0.1808106705,0.1815631116,0.05741755724,0.07464843651,0.07182075675,0.08520569012,0.0145,0.0981,0.7514,0.0242,0.1162,0.7741,1
cg10911283,0.8666005462,0.0358466228,0.6303225089,0.172229323,0.8418249878,0.09866637333,0.8266555508,0.07604971638,0.0000,0.5566,0.0020,0.0000,0.5860,0.0042,1
cg10918735,0.1371202035,0.02137809627,0.441237959,0.2270861595,0.1610005514,0.1172049497,0.1600165675,0.09429081392,0.0000,0.0000,0.0436,0.0000,0.0001,0.0611,1
cg10952063,0.8796752146,0.03676575396,0.5548577747,0.167911859,0.8734146924,0.1365087054,0.8096893923,0.1588958053,0.0000,0.0000,0.0008,0.0000,0.0000,0.0018,1
cg11334838,0.03267253611,0.005513205215,0.03783895897,0.01118396211,0.03756672291,0.007348209369,0.03748740212,0.009011067545,0.0843,0.0003,0.0008,0.1157,0.0005,0.0018,1
cg11340371,0.1280162712,0.1000740105,0.1136017294,0.06590215402,0.1200585762,0.09454654471,0.1324064177,0.1006903035,0.0321,0.0003,0.0026,0.0488,0.0005,0.0051,1
cg11368900,0.936026172,0.0177048415,0.8326342619,0.1216959325,0.9263272835,0.07609495212,0.9111754842,0.07269838143,0.0000,0.0055,0.1192,0.0001,0.0080,0.1492,1
cg12255774,0.7962036146,0.02573524496,0.8258476192,0.03877445483,0.8498820711,0.02954042063,0.7940247092,0.08833884803,0.0014,0.0000,0.0025,0.0031,0.0000,0.0049,1
cg12259903,0.7778598958,0.0229663646,0.6971432859,0.1501797754,0.8010709774,0.1015807529,0.7473695052,0.1132689135,0.0008,0.0000,0.0138,0.0017,0.0000,0.0221,1
cg12387106,0.9174528205,0.01381535029,0.8789985956,0.06963081318,0.9057688878,0.03873262075,0.8862734561,0.1209113654,0.0001,0.0300,0.0741,0.0002,0.0390,0.0964,1
cg12527909,0.9708661074,0.005466993397,0.9587164348,0.01872968434,0.9625176541,0.00898189248,0.9646810903,0.008087591124,0.0002,0.0000,0.0001,0.0005,0.0000,0.0002,1
cg12678686,0.9605281901,0.006823429421,0.950027657,0.009991747257,0.9505039474,0.01447085673,0.9322155956,0.03905805408,0.0001,0.0001,0.0000,0.0002,0.0001,0.0000,1
cg12702615,0.8475573407,0.0286592046,0.8260162325,0.09160655727,0.8907784085,0.09109868606,0.8491472524,0.1063225765,0.0964,0.0000,0.0000,0.1263,0.0000,0.0000,1
cg12793803,0.5467014093,0.04363944433,0.6474732595,0.1320811081,0.7856247927,0.08308784382,0.5537870358,0.1591191369,0.0000,0.0000,0.0004,0.0000,0.0000,0.0010,1
cg12926934,0.01802555016,0.003494812114,0.01893460061,0.003125014297,0.01951806025,0.003175182499,0.01895385052,0.002712640127,0.0237,0.0003,0.0129,0.0370,0.0006,0.0213,1
cg12950753,0.942054647,0.01805270531,0.8357195299,0.1203195514,0.9466818866,0.05704765048,0.9047273645,0.1403540073,0.0000,0.0000,0.2117,0.0000,0.0000,0.2478,1
cg12956209,0.04342804878,0.01001751024,0.04392332783,0.00651267465,0.04453834262,0.007138929109,0.0438354974,0.01199213323,0.3112,0.0794,0.5699,0.3519,0.0963,0.6065,1
cg12986659,0.9848940265,0.003098833504,0.950410901,0.1036579695,0.9814139839,0.004889317357,0.97625778,0.03322443973,0.0000,0.0000,0.0000,0.0000,0.0000,0.0000,1
cg13023210,0.1138196788,0.02052994991,0.275086614,0.1465872624,0.1385473998,0.09091209584,0.1334834476,0.06430562985,0.0000,0.1577,0.0575,0.0000,0.1803,0.0779,1
cg13040392,0.6066641581,0.06901578888,0.7116791547,0.1874412637,0.6128380658,0.2024845855,0.621146019,0.1646372942,0.0000,0.0044,0.0327,0.0000,0.0064,0.0479,1
cg13206013,0.9154642729,0.02741256949,0.8384954607,0.1454115265,0.9340689545,0.02244901719,0.8933993947,0.08863057052,0.0157,0.0000,0.4071,0.0256,0.0000,0.4551,1
cg13237033,0.05149269324,0.01201518109,0.1404439508,0.2169747751,0.04768505281,0.04133982497,0.05231677726,0.01452683483,0.2529,0.0002,0.7303,0.2978,0.0003,0.7569,1
cg13386351,0.02960341345,0.005501214544,0.2063835527,0.2210106297,0.04290068291,0.06304517082,0.03369224718,0.01274075113,0.0001,0.7697,0.0344,0.0002,0.7815,0.0499,1
cg13401071,0.8188535951,0.02923075269,0.8339334545,0.03772226373,0.8882536769,0.02165763043,0.8484401071,0.04768242468,0.0071,0.0000,0.0000,0.0133,0.0000,0.0000,1
cg13441058,0.6748107768,0.06857289754,0.8362792007,0.06987210817,0.8646128375,0.0751747081,0.7180960347,0.1600397108,0.0000,0.0000,0.0000,0.0000,0.0000,0.0001,1
cg13447099,0.7686952041,0.04206917918,0.8629305445,0.05194694209,0.9160155972,0.02354279273,0.8687482312,0.06258868192,0.0000,0.0000,0.0000,0.0000,0.0000,0.0000,1
cg13466809,0.6573323839,0.07205945729,0.7701686292,0.09817979906,0.8334509753,0.06926610314,0.7815047,0.09259212617,0.0000,0.0000,0.0000,0.0000,0.0000,0.0000,1
cg13480619,0.03242395847,0.006988142726,0.03184150907,0.007084758704,0.03193377534,0.00841970163,0.0314340076,0.007497319375,0.7096,0.7589,0.4820,0.7355,0.7745,0.5270,1
cg13512830,0.08487578718,0.02814232318,0.1150708698,0.05690712494,0.08106439274,0.0241696076,0.1253974144,0.06759713432,0.1086,0.5530,0.0000,0.1395,0.5860,0.0000,1
cg13751113,0.7977981767,0.07934809896,0.7085021189,0.1198620832,0.819112698,0.07546954007,0.6421216258,0.1375191241,0.0014,0.1349,0.0000,0.0031,0.1561,0.0000,1
cg13792460,0.02695081259,0.006748656182,0.02465331927,0.007189600191,0.02662969156,0.009229407883,0.02554366174,0.008162347018,0.3287,0.5548,0.1444,0.3696,0.5860,0.1763,1
cg13819586,0.09190266266,0.01746769313,0.08603119117,0.03320836812,0.08174893596,0.03509000381,0.07346743478,0.02682735462,0.4961,0.0015,0.0001,0.5365,0.0024,0.0002,1
cg13931277,0.8425988442,0.03144075378,0.8049984536,0.1201023373,0.8880805262,0.03726302313,0.8656669711,0.05837323439,0.0478,0.0000,0.0000,0.0690,0.0000,0.0000,1
cg14008571,0.9554475023,0.01096801267,0.9002480116,0.1176700349,0.9507794464,0.04704019756,0.9408067098,0.06501605964,0.0219,0.1218,0.4777,0.0352,0.1425,0.5252,1
cg14009729,0.9505646423,0.1432984026,0.9225340704,0.1141425845,0.9630322834,0.05741833134,0.9473463711,0.09526991532,0.3974,0.0001,0.0157,0.4418,0.0001,0.0245,1
cg14221264,0.03422733316,0.006602593864,0.04417104826,0.01165345308,0.04358534675,0.01015565026,0.04115238028,0.009714808915,0.0001,0.0000,0.0002,0.0002,0.0000,0.0005,1
cg14260002,0.8538957924,0.03704636074,0.7907532802,0.1873382243,0.7668394492,0.2359282621,0.799782319,0.1417081153,0.1415,0.0000,0.0025,0.1738,0.0000,0.0049,1
cg14400120,0.9014942607,0.01723639944,0.8852930616,0.03270631953,0.8930593946,0.02191682329,0.8952758492,0.01614703207,0.0410,0.0009,0.0779,0.0604,0.0015,0.1006,1
cg14430886,0.02330884871,0.004164647883,0.02304908266,0.003365506703,0.0238211166,0.005761120822,0.02374745941,0.004746657896,0.7366,0.6064,0.5699,0.7595,0.6318,0.6065,1
cg14477263,0.9883401783,0.002103118292,0.9859294626,0.003846473259,0.9863145992,0.00373832812,0.9870366972,0.002882791314,0.0093,0.0003,0.0494,0.0163,0.0005,0.0687,1
cg14692453,0.9291701773,0.01865235671,0.868436818,0.1083141604,0.9234987099,0.06747781468,0.8852245204,0.1201686031,0.0157,0.0015,0.1364,0.0256,0.0024,0.1686,1
cg14963534,0.01592310921,0.00273044599,0.01738035376,0.003080790995,0.01868578436,0.003885806562,0.01687988958,0.002997903707,0.0638,0.0000,0.0065,0.0901,0.0000,0.0115,1
cg15526941,0.3286674411,0.03362693297,0.4447690383,0.1720405954,0.2672803129,0.1092337637,0.3499404835,0.1008385103,0.0001,0.0000,0.0021,0.0002,0.0000,0.0042,1
cg15760709,0.986850399,0.002226812789,0.9853808625,0.001855725434,0.986327924,0.002347662736,0.9826825262,0.02378066622,0.0059,0.2614,0.0246,0.0114,0.2939,0.0369,1
cg15837119,0.0188206567,0.003071595644,0.01899872419,0.00347017495,0.01951948611,0.003723228626,0.01838919068,0.003343639361,0.8342,0.6251,0.4986,0.8513,0.6479,0.5393,1
cg15891644,0.9842777355,0.005496535935,0.9820585895,0.002865100546,0.9830163523,0.002758221635,0.9832615433,0.003159672828,0.0000,0.0000,0.0001,0.0000,0.0000,0.0004,1
cg15901804,0.09403661722,0.014020931,0.08600990919,0.01685543309,0.08631117618,0.01346691072,0.08876214142,0.01627964484,0.1171,0.0008,0.0540,0.1484,0.0013,0.0736,1
cg15978017,0.6251705909,0.03851678936,0.6283002779,0.1754288767,0.8044285689,0.1027393381,0.6967475489,0.1527124981,0.0085,0.0000,0.0000,0.0151,0.0000,0.0000,1
cg16275967,0.06936814219,0.01991244622,0.06289783496,0.01757654166,0.06292429096,0.01757795323,0.06495217117,0.02200698723,0.2869,0.0325,0.3562,0.3319,0.0420,0.4028,1
cg16449402,0.3964676587,0.04409932772,0.5339535393,0.1164933969,0.5464346613,0.1139342145,0.4818591305,0.1288384301,0.0000,0.0000,0.0000,0.0000,0.0000,0.0000,1
cg16682276,0.09132922434,0.04335987706,0.3346741948,0.286196426,0.08893086448,0.03960182335,0.1465009763,0.06295793171,0.0004,0.5976,0.0000,0.0011,0.6259,0.0000,1
cg17029168,0.09580226892,0.01943507366,0.3609538187,0.2034239221,0.1160101131,0.1019890274,0.1159649742,0.09981479429,0.0000,0.0000,0.0021,0.0000,0.0001,0.0042,1
cg17095731,0.6611373397,0.05652092548,0.7789632562,0.1093086676,0.7818057671,0.1485284383,0.740478993,0.1177409204,0.0000,0.0000,0.0000,0.0000,0.0000,0.0000,1
cg17155907,0.01241356162,0.001893337538,0.01273568282,0.001511733209,0.01243024515,0.001396899543,0.01208062979,0.001354379788,0.0735,0.0355,0.3210,0.1023,0.0452,0.3671,1
cg17410394,0.8956023606,0.0294773248,0.8556919166,0.1356254237,0.8892573595,0.1147828569,0.8864452572,0.09655931052,0.0735,0.0000,0.0003,0.1023,0.0000,0.0007,1
cg17944110,0.06167015092,0.01131699398,0.058318444,0.01164309136,0.05683089214,0.01228259215,0.06238253686,0.02044836419,0.4739,0.0139,0.1698,0.5153,0.0190,0.2035,1
cg17966071,0.9086690577,0.02199191053,0.9029152282,0.03912124147,0.9234921747,0.04702861845,0.9058650263,0.05181663128,0.6492,0.0000,0.0286,0.6800,0.0000,0.0422,1
cg18268988,0.1003712224,0.02381351517,0.1319194693,0.06967665831,0.1086282886,0.04202032799,0.1291344802,0.03918247005,0.1171,0.4506,0.0003,0.1484,0.4982,0.0007,1
cg18313083,0.9514577736,0.01280687214,0.9415845888,0.0158423957,0.9407428013,0.01321345635,0.9405327966,0.01367059021,0.0009,0.0000,0.0000,0.0021,0.0000,0.0000,1
cg18446690,0.02049526811,0.01039424071,0.1046347892,0.146046078,0.01772305425,0.009258461185,0.02016708224,0.03286353871,0.1330,0.0825,0.0432,0.1654,0.0995,0.0610,1
cg18509826,0.02047558693,0.006791685511,0.03196555528,0.01777805454,0.03443584631,0.019732718,0.02993616138,0.01363178769,0.0008,0.0000,0.0000,0.0019,0.0000,0.0000,1
cg18587504,0.1952160321,0.03048141559,0.4411065805,0.2128105313,0.1750444025,0.07805578611,0.2153563667,0.09092277973,0.0000,0.0000,0.0831,0.0000,0.0000,0.1067,1
cg18718647,0.6534496176,0.06032122249,0.6409326182,0.08194113115,0.6896538052,0.09287403389,0.5531789581,0.1063722845,0.5388,0.0016,0.0000,0.5765,0.0024,0.0000,1
cg18954051,0.9504304006,0.01032461389,0.9335705817,0.02290892299,0.9405502956,0.01622206809,0.9414218559,0.01459476953,0.0007,0.0002,0.0000,0.0016,0.0003,0.0001,1
cg19039586,0.2113336523,0.1646267186,0.3285028131,0.2312170661,0.1423758849,0.1609119308,0.173309299,0.169884984,0.0085,0.0000,0.0000,0.0151,0.0000,0.0000,1
cg19224278,0.2976043962,0.04702781705,0.5383465365,0.2233690654,0.1988958896,0.1621513924,0.2867632592,0.1041045875,0.0000,0.0000,0.0092,0.0000,0.0000,0.0156,1
cg19310162,0.6718418767,0.04051259887,0.7896342202,0.1319932357,0.8570443924,0.03832077353,0.7149734351,0.1512526681,0.0000,0.0000,0.0000,0.0000,0.0000,0.0000,1
cg19380499,0.1074503643,0.04063736627,0.3296619306,0.2697823344,0.06119482599,0.04460381444,0.1287456311,0.05888701016,0.0000,0.0000,0.0639,0.0000,0.0000,0.0836,1
cg19394857,0.0222654528,0.003244920348,0.02272681123,0.004729809187,0.02190021745,0.003227277458,0.02564590136,0.02709010468,0.7814,0.7396,0.4545,0.8016,0.7586,0.5052,1
cg19744952,0.04143693123,0.006288553353,0.1240417602,0.1316889392,0.05382062077,0.03407024388,0.04864134593,0.01486476468,0.0000,0.0003,0.0021,0.0000,0.0005,0.0042,1
cg19878597,0.02020950616,0.01586446474,0.1099988468,0.2086036301,0.01514054424,0.009200140985,0.01630319282,0.01072771695,0.4739,0.0329,0.1894,0.5153,0.0422,0.2257,1
cg19979750,0.4514410179,0.08199952918,0.7021607122,0.1227385775,0.6501351594,0.1610090388,0.6056126397,0.1554146931,0.0000,0.0000,0.0000,0.0000,0.0000,0.0000,1
cg20073320,0.7815424125,0.1250386994,0.9682329304,0.04141142646,0.6812638188,0.2661488913,0.8610697387,0.1891709457,0.0000,0.0004,0.0000,0.0000,0.0007,0.0000,1
cg20210151,0.9408233545,0.02900250035,0.9256217085,0.02361198812,0.9316433203,0.01768197519,0.9222484766,0.03154343201,0.0001,0.0000,0.0000,0.0002,0.0000,0.0000,1
cg20370909,0.8306210204,0.0448575704,0.8128238426,0.1261938252,0.9280495059,0.04071673813,0.8349703897,0.1033132282,0.0078,0.0000,0.0246,0.0142,0.0000,0.0369,1
cg20640374,0.7263102788,0.04351946277,0.9033736074,0.05330060778,0.9543028227,0.01523179863,0.9142177733,0.05294759567,0.0000,0.0000,0.0000,0.0000,0.0000,0.0000,1
cg20695611,0.8889775747,0.0449215107,0.8962644974,0.08974427766,0.8993320147,0.09456081805,0.8184372598,0.156690986,0.0472,0.0002,0.0367,0.0690,0.0004,0.0529,1
cg20737382,0.1925433597,0.06581021417,0.5018313191,0.3105536197,0.3935691895,0.298308019,0.2483103574,0.218032042,0.0000,0.0000,0.0008,0.0000,0.0000,0.0018,1
cg20800117,0.7788989339,0.04643615318,0.7497463798,0.1546398086,0.9007748941,0.04165526505,0.7690966493,0.1367475081,0.0219,0.0000,0.0619,0.0352,0.0000,0.0821,1
cg20827077,0.6580242856,0.07429136609,0.8190351917,0.1125488675,0.8812876429,0.114814337,0.7555307613,0.1979606852,0.0000,0.0000,0.0000,0.0000,0.0000,0.0000,1
cg20853361,0.8013342328,0.04774641345,0.7840548775,0.1896136151,0.8208379364,0.1700237473,0.839940652,0.1525272956,0.0040,0.0000,0.0000,0.0079,0.0000,0.0000,1
cg20873136,0.7126336152,0.04627491111,0.7222732762,0.07451382041,0.7634766151,0.08089666458,0.6051094862,0.1232348498,0.2138,0.0000,0.0000,0.2532,0.0000,0.0000,1
cg20902975,0.5889003166,0.0423569933,0.5164948333,0.1687982793,0.6035734341,0.1800423894,0.4908123084,0.1558108117,0.0002,0.0004,0.0000,0.0005,0.0007,0.0000,1
cg21669326,0.5028363511,0.1013889635,0.2441634528,0.1941502956,0.2490461752,0.1598451655,0.2301172493,0.1296451752,0.0000,0.0000,0.0000,0.0000,0.0000,0.0000,1
cg21725888,0.2010759178,0.080243959,0.5191978424,0.1643907768,0.440920111,0.1954650881,0.2482745344,0.124336071,0.0000,0.0000,0.0021,0.0000,0.0000,0.0042,1
cg21794767,0.8755066123,0.04500933477,0.8508188562,0.104240259,0.9416146732,0.02007922498,0.8823172041,0.1427136479,0.2138,0.0000,0.0000,0.2532,0.0000,0.0000,1
cg21798447,0.01836655583,0.003461390658,0.02274337335,0.007892908237,0.0200981108,0.005193260643,0.01959857184,0.004065057421,0.0036,0.0167,0.0112,0.0072,0.0226,0.0186,1
cg21917084,0.08989286381,0.01771642693,0.2525295309,0.2446578446,0.09535836215,0.08086020706,0.1062836981,0.08293311022,0.0004,0.0000,0.0157,0.0011,0.0000,0.0245,1
cg21949518,0.02461242831,0.002978283569,0.02687742609,0.004405960519,0.02760724053,0.006944445692,0.02600914461,0.003414783797,0.0638,0.0001,0.0063,0.0901,0.0001,0.0113,1
cg22060087,0.930456219,0.01700109453,0.9363974478,0.02001261943,0.9405533577,0.01476170714,0.9143156495,0.06810010313,0.0303,0.0005,0.7186,0.0468,0.0009,0.7527,1
cg22170177,0.07144140051,0.01476634924,0.09403702385,0.07203071132,0.06317980584,0.01771456745,0.08603448961,0.03460284363,0.0321,0.0087,0.0069,0.0488,0.0124,0.0121,1
cg22272277,0.02280301198,0.004918200476,0.1488166145,0.1957235931,0.02636555537,0.0172104398,0.02530974193,0.01101665839,0.0027,0.5253,0.7547,0.0054,0.5651,0.7741,1
cg22273804,0.6988698427,0.05602791501,0.567651676,0.2268832497,0.9006947353,0.08994791252,0.8240931236,0.1346724953,0.0000,0.0000,0.0000,0.0001,0.0000,0.0000,1
cg22318878,0.9409140478,0.01284171764,0.9338386404,0.02525983546,0.9529197762,0.01533432483,0.9271501665,0.08347070808,0.2649,0.0000,0.1302,0.3101,0.0000,0.1620,1
cg22327527,0.7082809228,0.04112205519,0.732931939,0.168084318,0.7883933836,0.1636642538,0.7501184104,0.1691746817,0.0002,0.0000,0.0000,0.0005,0.0000,0.0000,1
cg22450733,0.8955772733,0.01611623562,0.8970311719,0.02064597222,0.9046921976,0.01660936829,0.9021501246,0.01784983967,0.6216,0.0128,0.0596,0.6544,0.0178,0.0795,1
cg22650458,0.5622871552,0.0432581319,0.7145198689,0.09075760836,0.7721860207,0.069959033,0.5398931735,0.172978017,0.0000,0.0000,0.0004,0.0000,0.0000,0.0010,1
cg22745471,0.958752049,0.01868677144,0.9434970059,0.08488466558,0.9568810484,0.03146984576,0.9547591774,0.02394607388,0.5817,0.0522,0.0260,0.6191,0.0657,0.0386,1
cg22876356,0.72495445,0.05792386419,0.6121240713,0.1647793865,0.4541649118,0.1926868193,0.6057835942,0.1835295865,0.0000,0.0000,0.0000,0.0001,0.0000,0.0000,1
cg22967016,0.08551846344,0.01943898823,0.2484559241,0.2180213636,0.08503852995,0.05659686082,0.09371645306,0.04092025673,0.0000,0.0015,0.2781,0.0001,0.0024,0.3217,1
cg23054032,0.039954821,0.01126896107,0.03857794739,0.006649661904,0.04041346887,0.008553394147,0.04397466909,0.04869960152,0.9419,0.5442,0.8811,0.9515,0.5823,0.8946,1
cg23175583,0.1128180033,0.1588372179,0.16347478,0.1805416915,0.08458085087,0.1537165319,0.1186930617,0.1675211486,0.2755,0.4678,0.3757,0.3206,0.5144,0.4224,1
cg23436746,0.7921331806,0.04193002639,0.7589902719,0.1817510408,0.8345113467,0.1328890432,0.8045644448,0.1022770505,0.0002,0.0000,0.0001,0.0005,0.0000,0.0004,1
cg23654112,0.2254146557,0.02926161759,0.3788636906,0.1189236413,0.2472382894,0.08083949814,0.2774944145,0.07134793411,0.0000,0.0012,0.0000,0.0000,0.0020,0.0000,1
cg23738681,0.9087121775,0.08583251235,0.9025674972,0.02042804344,0.9178767847,0.01695483147,0.91143314,0.04481768969,0.0001,0.0254,0.0050,0.0002,0.0335,0.0093,1
cg24539517,0.3321749541,0.03748682728,0.5675431815,0.1699127695,0.6091835899,0.1627691488,0.4365943341,0.1551262801,0.0000,0.0000,0.0000,0.0000,0.0000,0.0000,1
cg24678767,0.6333057372,0.04102048539,0.652153814,0.08239659704,0.7623646959,0.06581864422,0.6801284315,0.07622384549,0.0009,0.0000,0.0000,0.0021,0.0000,0.0000,1
cg24700929,0.801682903,0.04342041801,0.5161346066,0.1859805925,0.7950149248,0.1360366125,0.7041937847,0.1398222329,0.0000,0.0000,0.0000,0.0000,0.0000,0.0000,1
cg24848349,0.08783463532,0.01765482121,0.07532719715,0.02732132084,0.06756704007,0.03685048286,0.07015701859,0.02165662839,0.0005,0.0000,0.0000,0.0013,0.0000,0.0000,1
cg24873202,0.7278486382,0.03375950659,0.7415822433,0.1537373425,0.8253705987,0.1051877237,0.7989662365,0.1189061769,0.0005,0.0000,0.0000,0.0013,0.0000,0.0000,1
cg24964350,0.9449676434,0.01742714175,0.9235877454,0.05738205736,0.8457230732,0.1526001176,0.87620037,0.1460543575,0.0902,0.0000,0.0001,0.1213,0.0000,0.0003,1
cg25133016,0.1144849579,0.02637593107,0.1131617253,0.07097870227,0.06455908553,0.02644044458,0.1013970723,0.03415390667,0.0145,0.0000,0.0080,0.0242,0.0000,0.0138,1
cg25295726,0.1163540815,0.0222078942,0.1081264358,0.02170844626,0.1053958685,0.0320761585,0.1081074269,0.04648068165,0.1700,0.0386,0.0042,0.2063,0.0489,0.0080,1
cg25304860,0.05391693425,0.009213662162,0.04909460494,0.007037935157,0.05488310533,0.01321699464,0.05332801347,0.01981440556,0.0391,0.5098,0.1645,0.0580,0.5543,0.1984,1
cg25430849,0.02123608652,0.03652698421,0.01710051977,0.002343218742,0.01650179062,0.003227463457,0.01581053676,0.002429045306,0.0071,0.0550,0.7303,0.0133,0.0688,0.7569,1
cg25443943,0.8965361467,0.0489515441,0.8402335836,0.1142215681,0.8414081144,0.1321449982,0.7501098201,0.1461573093,0.0902,0.0043,0.0000,0.1213,0.0064,0.0000,1
cg25474507,0.03041378752,0.00901148326,0.03909675075,0.01805842963,0.0334984045,0.006109537339,0.03190539027,0.005650969235,0.0032,0.0001,0.0087,0.0065,0.0002,0.0148,1
cg25536171,0.7705064726,0.0522062856,0.4558083165,0.2724440204,0.6113877924,0.2411718261,0.5983913665,0.224364415,0.0000,0.0000,0.0000,0.0000,0.0000,0.0000,1
cg25769469,0.9242334962,0.03206512875,0.6914250314,0.2762645225,0.8954308771,0.06149547988,0.7434049918,0.2063513464,0.0000,0.0000,0.0000,0.0000,0.0000,0.0000,1
cg25814293,0.680698669,0.06642252454,0.9204697511,0.02830252403,0.9377264136,0.02268440331,0.8191926093,0.2049363298,0.0000,0.0000,0.0000,0.0000,0.0000,0.0000,1
cg25935985,0.5738570696,0.03200842833,0.5924472195,0.09275709324,0.6254547134,0.1280002035,0.5267936301,0.09389086282,0.0238,0.0000,0.0000,0.0370,0.0000,0.0000,1
cg25975712,0.02365748235,0.007538187164,0.1128592479,0.1557917977,0.03398032034,0.04984902961,0.03408166198,0.02597206505,0.0013,0.6868,0.0011,0.0028,0.7082,0.0024,1
cg26034629,0.8480434881,0.03753913295,0.8141848659,0.1076570975,0.8915297417,0.07476980736,0.8331425025,0.1065646143,0.0238,0.0000,0.1071,0.0370,0.0000,0.1349,1
cg26481739,0.8795681984,0.05934175568,0.9022202426,0.05924468982,0.9058346115,0.09656110315,0.913817589,0.04809503388,0.0008,0.0000,0.0000,0.0017,0.0000,0.0000,1
cg26686647,0.6064045322,0.03786794479,0.8163695011,0.03458559768,0.8111962622,0.07680757592,0.7708704894,0.09089490904,0.0000,0.0000,0.0000,0.0000,0.0000,0.0000,1
cg26993213,0.9836184699,0.002624871671,0.9807630911,0.005247820238,0.9820379356,0.003029443208,0.9812364615,0.003729412873,0.0478,0.0014,0.0006,0.0690,0.0022,0.0014,1
cg27449975,0.9473282881,0.01173376557,0.9443938055,0.01657536387,0.9443107841,0.03796409543,0.9471357737,0.01516009264,0.3112,0.9304,0.9157,0.3519,0.9351,0.9203,1
cg27489873,0.8645291245,0.03481687937,0.8225233591,0.06568612723,0.8826773388,0.03527028665,0.8177690608,0.06968447697,0.0076,0.0080,0.0001,0.0139,0.0115,0.0002,1
cg27582625,0.05127389332,0.01657534397,0.2245098622,0.2421225076,0.04615774368,0.02397465131,0.04654801752,0.01424557371,0.0004,0.0004,0.1599,0.0011,0.0006,0.1940,1
cg00334820,0.01657731025,0.003909340051,0.01784130751,0.005376813819,0.0172005719,0.00416666974,0.01655396989,0.003048803195,0.4336,0.6461,0.8177,0.5021,0.6910,0.8451,2
cg00418469,0.03326483566,0.004699766143,0.0403944248,0.01704732198,0.03520523661,0.005151561824,0.03512259229,0.006344988041,0.0040,0.0528,0.1271,0.0072,0.0683,0.1795,2
cg00549040,0.9193322369,0.02482857749,0.8030362861,0.1196190065,0.8571975174,0.08371984131,0.8425617106,0.08589221194,0.0000,0.0000,0.0001,0.0000,0.0001,0.0004,2
cg00709652,0.6547573138,0.06671579661,0.5674285739,0.2167415622,0.5461952096,0.1905201073,0.5091776054,0.1929720035,0.0040,0.0000,0.0000,0.0072,0.0000,0.0001,2
cg00764470,0.05191385606,0.008619290577,0.0499023736,0.008132006117,0.04874494647,0.008798192886,0.05142705819,0.00655343392,0.2770,0.0135,0.9379,0.3282,0.0200,0.9441,2
cg00771346,0.8907453707,0.0157834697,0.8926586825,0.02161272456,0.8940998118,0.02069455795,0.8881144929,0.03532553244,0.8225,0.1842,0.3448,0.8558,0.2182,0.3963,2
cg01130364,0.1338899191,0.02728552017,0.3693164244,0.1979942795,0.1241502207,0.0623603395,0.1295597576,0.04847338725,0.0000,0.0010,0.2859,0.0000,0.0020,0.3440,2
cg01698392,0.8244153962,0.04548131905,0.8364627767,0.06971963817,0.8534940601,0.08392270357,0.723826121,0.1101823379,0.0184,0.0000,0.0000,0.0280,0.0000,0.0000,2
cg01718788,0.04646040751,0.009910985313,0.07231784802,0.03221097793,0.05902348246,0.0149332114,0.05081576695,0.0125059155,0.0001,0.0000,0.1562,0.0002,0.0000,0.2110,2
cg01940657,0.6930917445,0.04581535009,0.8441833109,0.05119974036,0.906512901,0.03377706778,0.790167162,0.08657797143,0.0000,0.0000,0.0000,0.0000,0.0000,0.0000,2
cg02108015,0.6888646122,0.03987900943,0.8288613163,0.0813789923,0.8826536037,0.06831750695,0.7270621039,0.1908090056,0.0000,0.0000,0.0000,0.0000,0.0000,0.0000,2
cg02331673,0.6558323951,0.04118527734,0.8565758597,0.05137435573,0.7914879688,0.1365972392,0.6853747931,0.1746824181,0.0000,0.0000,0.0000,0.0000,0.0000,0.0001,2
cg02642979,0.8678650669,0.03143423987,0.7814126241,0.1718603755,0.8755971714,0.08636852932,0.7538589362,0.1656497128,0.0071,0.0000,0.0000,0.0122,0.0000,0.0001,2
cg02752037,0.4012166291,0.03877087433,0.395907408,0.2501630056,0.1361655477,0.07480502767,0.3086598612,0.1507054898,0.0002,0.0000,0.0000,0.0004,0.0000,0.0000,2
cg02756106,0.07513959668,0.01913960014,0.1035046685,0.1092616831,0.0661821639,0.01704707825,0.07380933534,0.02436844973,0.8893,0.0065,0.6411,0.9070,0.0104,0.6716,2
cg02958133,0.01699075896,0.007228113732,0.0182132535,0.007388746484,0.01605638931,0.003846108448,0.01825514844,0.0126937867,0.0161,0.0063,0.0848,0.0248,0.0103,0.1347,2
cg03085785,0.9151385268,0.02307072082,0.8818747018,0.07785931188,0.9099696862,0.02855173501,0.8932447561,0.03911967137,0.0496,0.8172,0.0367,0.0682,0.8446,0.0627,2
cg03435277,0.979425173,0.003269746837,0.9764914022,0.004417939231,0.9761712364,0.005018316388,0.9772835426,0.004440126825,0.0093,0.0000,0.0562,0.0153,0.0001,0.0942,2
cg03883228,0.1308113889,0.02159807572,0.4952910698,0.2069003808,0.1761950097,0.1512423136,0.1376945498,0.05212714976,0.0000,0.0010,0.2189,0.0000,0.0019,0.2697,2
cg04009254,0.01860418323,0.003194515553,0.02111168898,0.004530592517,0.0206278633,0.004096305758,0.02017167235,0.003011930991,0.0215,0.0005,0.0075,0.0325,0.0011,0.0157,2
cg04191300,0.4670995536,0.0583482243,0.8044671032,0.1305464499,0.6610377606,0.1832250987,0.5026609725,0.2365080009,0.0000,0.0000,0.0003,0.0000,0.0000,0.0010,2
cg04312358,0.2973719219,0.06823545005,0.193379268,0.1718334142,0.2312501834,0.2202291664,0.1264827654,0.1088040934,0.0000,0.0000,0.0000,0.0001,0.0000,0.0000,2
cg04384181,0.01667726021,0.002950362935,0.01762509172,0.001848751114,0.01692566589,0.002386300501,0.01698770482,0.002395895738,0.0070,0.2660,0.5392,0.0122,0.3104,0.5848,2
cg04524321,0.01878850669,0.002894660888,0.01963120324,0.003067114178,0.01900132446,0.00294296982,0.01836982297,0.002193316881,0.5825,0.8451,0.8379,0.6454,0.8676,0.8603,2
cg04724807,0.8577864955,0.06447319569,0.6119455847,0.241189361,0.8270588572,0.1364605434,0.7297908046,0.176462368,0.0000,0.0295,0.0001,0.0000,0.0398,0.0003,2
cg05091796,0.05787880977,0.01401379512,0.05636824683,0.02087110895,0.05647450594,0.01233231441,0.05273297997,0.01215339519,0.2360,0.7573,0.1413,0.2885,0.7880,0.1943,2
cg05335886,0.07240120337,0.01313442115,0.3837169109,0.2596972079,0.07464952497,0.08543169415,0.06979058831,0.02734777298,0.0000,0.0000,0.0837,0.0000,0.0000,0.1343,2
cg05657564,0.9528780275,0.01794223593,0.9518481662,0.008696333564,0.9521267004,0.009520699944,0.9506897627,0.009271633709,0.1822,0.0022,0.0033,0.2244,0.0040,0.0077,2
cg05792273,0.8695820863,0.02040208609,0.868324787,0.02038596601,0.8740921035,0.02527553223,0.8630871695,0.03708853868,0.5668,0.1655,0.5574,0.6325,0.2006,0.5920,2
cg05959980,0.8566085977,0.02565219878,0.7816672417,0.1193808966,0.8939766204,0.03398396677,0.8405031125,0.0589258119,0.0004,0.0000,0.2189,0.0009,0.0000,0.2697,2
cg06096916,0.9615177543,0.008457369383,0.9517789555,0.01267801732,0.9557893478,0.01230802828,0.9493034632,0.01392465437,0.0125,0.0182,0.0003,0.0201,0.0260,0.0012,2
cg06156502,0.8937789253,0.02334352812,0.8928150566,0.02625060278,0.9011491091,0.01704345229,0.9004164428,0.02265601732,0.5274,0.0029,0.2039,0.5973,0.0051,0.2595,2
cg06679563,0.9472888838,0.01562553099,0.9292101569,0.02650849933,0.9211226457,0.02595112044,0.9196667461,0.02707756772,0.0008,0.0000,0.0000,0.0016,0.0000,0.0000,2
cg06730723,0.1135870265,0.01300136766,0.1790017983,0.12597434,0.1002768932,0.03291335273,0.120611012,0.02553447774,0.0139,0.0000,0.1137,0.0216,0.0000,0.1683,2
cg06852605,0.9871222829,0.002903871783,0.9867070901,0.003078574347,0.9876100778,0.002453456378,0.9829267522,0.01290919124,0.8735,0.9488,0.2990,0.8968,0.9550,0.3569,2
cg06962867,0.814511408,0.04896361058,0.747370424,0.1831226142,0.9045340916,0.05905767234,0.7906966882,0.1568897676,0.0289,0.0000,0.0092,0.0427,0.0000,0.0186,2
cg07141452,0.9176050724,0.01547599391,0.9103109264,0.03948340152,0.9158990591,0.03289345893,0.9041844251,0.05687858421,0.9208,0.4475,0.4117,0.9269,0.4993,0.4561,2
cg07177395,0.5828545263,0.04720297307,0.5711497276,0.2319203748,0.6941659323,0.191050823,0.480718214,0.2116082542,0.0036,0.0000,0.0000,0.0066,0.0000,0.0001,2
cg07314391,0.07033877985,0.01427440641,0.07035879514,0.01713595744,0.06925994714,0.01863698737,0.06508816212,0.01261217288,0.9076,0.0138,0.2084,0.9195,0.0203,0.2631,2
cg07482916,0.6064465286,0.0443525737,0.8082335904,0.1226169632,0.8618663783,0.09288633151,0.6675410958,0.2236744003,0.0000,0.0000,0.0000,0.0000,0.0000,0.0000,2
cg07532353,0.2308534427,0.1266566293,0.9061469577,0.1383217724,0.5655233128,0.3439965239,0.5719702448,0.2767146669,0.0000,0.0000,0.0000,0.0000,0.0000,0.0000,2
cg07598324,0.93450033,0.01251881742,0.9141705557,0.03279966599,0.9285134596,0.03351908311,0.9186433024,0.02774584382,0.0002,0.0040,0.0005,0.0005,0.0069,0.0016,2
cg07895186,0.354618457,0.01629729171,0.3483472435,0.02155755024,0.3461360737,0.02113241841,0.3493817424,0.02255775984,0.1733,0.0324,0.1683,0.2153,0.0426,0.2215,2
cg08048831,0.9417393224,0.01282484464,0.9361391092,0.02217397125,0.9409687842,0.01276504167,0.9157431496,0.07750957665,0.8161,0.6840,0.0293,0.8550,0.7265,0.0531,2
cg08298644,0.7472272224,0.05553166685,0.6551155894,0.1481391462,0.816577608,0.07156820512,0.6998178911,0.1610547593,0.0002,0.0000,0.0138,0.0005,0.0000,0.0262,2
cg08303370,0.0619395361,0.009031899117,0.05483371298,0.009026989296,0.05146744555,0.0095139593,0.0563581569,0.01176114858,0.0012,0.0000,0.0009,0.0024,0.0000,0.0027,2
cg08330217,0.8576189349,0.05062987018,0.4348390306,0.1824191424,0.7623996391,0.1483694414,0.6423951872,0.1731719467,0.0000,0.0000,0.0000,0.0000,0.0001,0.0000,2
cg08528735,0.236003482,0.02091686194,0.1881714913,0.1136494572,0.1700782331,0.109094418,0.166672316,0.06011756677,0.0000,0.0000,0.0000,0.0000,0.0000,0.0000,2
cg08773180,0.8349058628,0.02766070245,0.7570633142,0.1594363953,0.8567884596,0.08403109574,0.7823019906,0.1477911675,0.0089,0.0000,0.0092,0.0148,0.0000,0.0186,2
cg09035079,0.7840053204,0.04500002951,0.7832502194,0.1501972691,0.8892907549,0.06780785479,0.8014458877,0.1344945705,0.0093,0.0000,0.0005,0.0153,0.0000,0.0015,2
cg09101767,0.8855872277,0.0345018103,0.9334852229,0.03079767942,0.9448537955,0.01728124825,0.8935773899,0.07112526689,0.0000,0.0000,0.0019,0.0000,0.0000,0.0050,2
cg09129976,0.9375170049,0.01860293855,0.9130842013,0.09163940331,0.9422823963,0.01274675281,0.9332581635,0.01807303056,0.6357,0.0793,0.3811,0.6846,0.0993,0.4307,2
cg09182900,0.9326551803,0.01640765668,0.9204980849,0.02173157004,0.9302712156,0.01668802763,0.9254534135,0.01863769967,0.0026,0.1623,0.0976,0.0048,0.1984,0.1502,2
cg09232068,0.03234531422,0.005682656644,0.03283136688,0.005742136306,0.03248687577,0.005198282204,0.03273653473,0.005317329489,0.6278,0.5600,0.6933,0.6808,0.6031,0.7214,2
cg09604352,0.031625551,0.01554772498,0.0321958336,0.007983961942,0.0319641183,0.007430791329,0.02970432428,0.005954246001,0.0906,0.0032,0.1089,0.1173,0.0057,0.1629,2
cg09624684,0.1375389195,0.1563467376,0.1790173916,0.1832434822,0.1009747338,0.1381135975,0.1436406091,0.1649306668,0.0478,0.2880,0.8750,0.0664,0.3335,0.8865,2
cg09889477,0.8994436977,0.04613817292,0.7639359102,0.1909581259,0.8821292971,0.08721525375,0.7865719183,0.1863736271,0.0006,0.5416,0.0119,0.0014,0.5874,0.0231,2
cg10168434,0.05229828138,0.01585030962,0.08276536092,0.03829627577,0.08474823026,0.03809736736,0.06618866995,0.01777930622,0.0021,0.0000,0.0009,0.0041,0.0000,0.0027,2
cg10278149,0.8301896338,0.03926454728,0.8605701177,0.09158339929,0.8844134704,0.06525496431,0.7896781837,0.08672825053,0.0004,0.0000,0.0083,0.0009,0.0000,0.0172,2
cg10324701,0.9844347713,0.002230997696,0.8612900438,0.1602328167,0.9787322354,0.02108558326,0.976305654,0.01668823052,0.0000,0.0001,0.0000,0.0000,0.0002,0.0000,2
cg10448608,0.4855065306,0.06735018099,0.7640600903,0.125827544,0.6519168764,0.272685248,0.5590785558,0.1900312262,0.0000,0.0000,0.0001,0.0000,0.0000,0.0004,2
cg10553415,0.1416111771,0.03088076161,0.4870086799,0.2166290857,0.2616537028,0.1542100414,0.167916961,0.1042072759,0.0000,0.0000,0.0321,0.0000,0.0000,0.0569,2
cg10730291,0.924684478,0.02529998513,0.9299617756,0.01630132856,0.9267260552,0.0262698799,0.9202856045,0.03503301164,0.1612,0.9065,0.5574,0.2018,0.9184,0.5920,2
cg10759648,0.7580940625,0.06465128681,0.3695055453,0.1713956964,0.7023650986,0.1057712158,0.5820624364,0.1529816615,0.0000,0.0048,0.0000,0.0000,0.0082,0.0000,2
cg10940874,0.9579911916,0.007568122672,0.9578843386,0.01104323166,0.9586062992,0.008362883115,0.9528336404,0.0169450178,0.8348,0.7534,0.3391,0.8628,0.7880,0.3956,2
cg11034318,0.7510486712,0.05156007795,0.6720573069,0.195851379,0.8000905954,0.1219560627,0.6227104629,0.2686205799,0.0014,0.0000,0.0004,0.0027,0.0000,0.0013,2
cg11413751,0.02243170235,0.005878607913,0.02282459052,0.004297725598,0.02305911822,0.003880581156,0.02238033536,0.003452639181,0.0438,0.0051,0.1562,0.0614,0.0085,0.2110,2
cg11459648,0.7709168692,0.08279071142,0.9082951183,0.05902827236,0.9378134371,0.0514763725,0.8318844035,0.1928074676,0.0000,0.0000,0.0001,0.0000,0.0000,0.0004,2
cg12446629,0.3489644351,0.04557316447,0.5498530508,0.1413763787,0.4081621472,0.168914982,0.3102968783,0.1375836088,0.0000,0.0000,0.0014,0.0000,0.0000,0.0037,2
cg12598089,0.2349518886,0.02686185573,0.4599503483,0.2248707332,0.323071131,0.150835696,0.2120753471,0.08714072076,0.0000,0.0000,0.0011,0.0000,0.0000,0.0029,2
cg12656815,0.8495947325,0.07277526559,0.8213142859,0.09304566613,0.8749120288,0.06952779166,0.7448848183,0.1103316277,0.6199,0.0007,0.0000,0.6771,0.0014,0.0000,2
cg13157315,0.1372396004,0.02186761529,0.3179398927,0.271561369,0.1118029556,0.05181211807,0.1368191347,0.06720384696,0.0011,0.0000,0.0659,0.0021,0.0000,0.1080,2
cg13175786,0.8859058266,0.02525530925,0.7233702084,0.2144746892,0.8887505092,0.1200793924,0.8617733175,0.124244579,0.0001,0.0000,0.0176,0.0002,0.0000,0.0322,2
cg13261306,0.8894530459,0.02678232924,0.6693194518,0.198567297,0.8633502516,0.1191620744,0.8014736897,0.17653057,0.0000,0.0000,0.0046,0.0000,0.0001,0.0101,2
cg13289869,0.1747452262,0.0232950668,0.2312610313,0.2328732091,0.131676536,0.1118551386,0.09837559369,0.08551502874,0.0000,0.0000,0.0000,0.0000,0.0000,0.0000,2
cg13511387,0.01874442701,0.003041181588,0.01886273064,0.002342797831,0.01845997322,0.003131792768,0.01860961917,0.002761116899,0.4336,0.7091,0.9526,0.5021,0.7480,0.9526,2
cg13565575,0.1571182086,0.02152509038,0.4384212422,0.2129841603,0.1471453056,0.1090003061,0.1222042072,0.08856222501,0.0000,0.0000,0.0000,0.0000,0.0000,0.0000,2
cg13667638,0.1157572415,0.02479159998,0.2969387738,0.2069716178,0.1271385317,0.07765607892,0.1310331405,0.04964239601,0.0000,0.0050,0.2337,0.0000,0.0083,0.2856,2
cg13798621,0.7457374871,0.07386128581,0.6403169301,0.1472043857,0.7176658482,0.1189357683,0.5679427967,0.1658065838,0.0058,0.0551,0.0000,0.0102,0.0701,0.0000,2
cg14119350,0.09349114574,0.0232868659,0.2625708518,0.1854346343,0.1051142038,0.05735872492,0.09213438799,0.03682856518,0.0000,0.5416,0.1855,0.0001,0.5874,0.2401,2
cg14173476,0.7154663634,0.04395060001,0.9272514416,0.02544213027,0.9367169836,0.02799607188,0.8103648488,0.181054102,0.0000,0.0000,0.0000,0.0000,0.0000,0.0000,2
cg14427563,0.9568067419,0.01534717472,0.8693369719,0.1803002429,0.9501906606,0.02700746513,0.9469991783,0.02149349016,0.0001,0.0005,0.0068,0.0002,0.0010,0.0144,2
cg14812313,0.9859159103,0.002705180168,0.9821801597,0.01022955906,0.9826998088,0.0339393059,0.9766917863,0.02466736333,0.0361,0.0534,0.0063,0.0529,0.0685,0.0138,2
cg14825094,0.05381404944,0.01230949405,0.05863829057,0.01889722516,0.05828914534,0.01357233588,0.06339159029,0.01833358635,0.2645,0.0075,0.0113,0.3183,0.0117,0.0223,2
cg14837598,0.3367817516,0.0617815732,0.4052834334,0.1969963442,0.2957956669,0.1550479701,0.3728801711,0.1345472165,0.0139,0.0000,0.1797,0.0216,0.0000,0.2345,2
cg14841337,0.05238462693,0.01522742222,0.3241503588,0.2340190299,0.08395895068,0.1007644812,0.06909550747,0.04758221032,0.0000,0.0226,0.5323,0.0000,0.0314,0.5814,2
cg14906304,0.9733946206,0.007214941407,0.8763202208,0.1602779099,0.9693593765,0.01608272935,0.9660274301,0.01105789753,0.0000,0.0001,0.0000,0.0001,0.0001,0.0001,2
cg15255086,0.4051733456,0.03597340297,0.4468891908,0.2075010024,0.632139933,0.1598525995,0.3709696054,0.1387894156,0.0023,0.0000,0.0350,0.0042,0.0000,0.0612,2
cg15471197,0.9201849387,0.01737751394,0.9090954061,0.01544027605,0.9150679232,0.01548180025,0.9171692422,0.01768175601,0.0011,0.0308,0.2116,0.0021,0.0413,0.2649,2
cg15595571,0.9406159809,0.01603124553,0.9425865756,0.01894212966,0.9376000076,0.02372321915,0.9366702836,0.01925032591,0.2770,0.1671,0.1271,0.3282,0.2011,0.1795,2
cg15648792,0.6556931808,0.05691955727,0.8394656989,0.1164171229,0.7486852178,0.1501248383,0.6987830719,0.1421961307,0.0000,0.0000,0.0012,0.0000,0.0000,0.0032,2
cg15700022,0.8484881375,0.04005976061,0.8404038445,0.07439953512,0.8714533333,0.04265162811,0.7909082799,0.1272989717,0.1565,0.0026,0.0159,0.1975,0.0046,0.0295,2
cg15771941,0.9550649867,0.01763202589,0.9448262863,0.03074302397,0.9529281366,0.009321247063,0.9313432031,0.0709257651,0.0087,0.0007,0.0010,0.0147,0.0014,0.0028,2
cg16105676,0.12098911,0.02053282621,0.403978214,0.1950606377,0.1260325467,0.08917161676,0.1299206747,0.08758515552,0.0000,0.0000,0.0367,0.0000,0.0000,0.0627,2
cg16215362,0.8696996847,0.08272751422,0.9378654642,0.08174836028,0.9343154004,0.08581756881,0.9166666398,0.1178575647,0.0000,0.0000,0.0000,0.0000,0.0000,0.0002,2
cg16253142,0.01126351753,0.001584656754,0.0126578466,0.002132505079,0.01218400942,0.001890027234,0.01210069637,0.001755956446,0.0266,0.0090,0.0396,0.0397,0.0137,0.0670,2
cg16394290,0.5336146885,0.05677974038,0.7052240347,0.08730636486,0.7503758396,0.1317087591,0.552095894,0.1887429248,0.0000,0.0000,0.0046,0.0000,0.0000,0.0101,2
cg16558358,0.03085135508,0.006838283536,0.03940081586,0.01068497815,0.03485069259,0.009306408717,0.03339668533,0.009258983277,0.0006,0.0066,0.1271,0.0013,0.0105,0.1795,2
cg16680873,0.8171233009,0.02799198433,0.6653625463,0.1511414568,0.7988810005,0.09338971245,0.7199991595,0.1612822638,0.0000,0.0222,0.0046,0.0000,0.0313,0.0101,2
cg16793150,0.05081564923,0.009756823781,0.04984182806,0.01174964074,0.04829021651,0.009148854814,0.05044829927,0.01018655643,0.5119,0.1553,0.8535,0.5839,0.1913,0.8704,2
cg16956007,0.9087453292,0.01698549124,0.9084983833,0.01664017762,0.9109443889,0.01648521173,0.8999896986,0.02714816755,0.7777,0.3564,0.0689,0.8260,0.4096,0.1117,2
cg17108819,0.08733357624,0.01506279278,0.3480560195,0.2266490501,0.08403921413,0.04995968643,0.08869860091,0.06525294539,0.0000,0.0000,0.0026,0.0000,0.0001,0.0064,2
cg17794169,0.01438295113,0.001671280739,0.01624232706,0.002447064755,0.01576772981,0.002555170423,0.0152319682,0.002950656653,0.0001,0.0001,0.1308,0.0003,0.0003,0.1831,2
cg17857870,0.8170294717,0.03711270815,0.8860158239,0.03745905466,0.9068512553,0.02909985136,0.8553738959,0.1014038492,0.0000,0.0000,0.0000,0.0000,0.0000,0.0000,2
cg18052528,0.8514443204,0.05068376863,0.8355488872,0.1453580094,0.9014778824,0.04733302346,0.7881299843,0.1167621067,0.0133,0.0000,0.0145,0.0212,0.0000,0.0272,2
cg18207999,0.7876902965,0.08827282879,0.6769395146,0.1543916145,0.7699130865,0.1275432113,0.5444096145,0.1786307677,0.0008,0.0230,0.0000,0.0016,0.0317,0.0000,2
cg18229396,0.7801474239,0.04279619311,0.4463649167,0.1572857554,0.760053608,0.1281614428,0.7060814108,0.1455053268,0.0000,0.0144,0.0028,0.0000,0.0209,0.0067,2
cg19102713,0.9735740006,0.005704004367,0.886106587,0.1717052772,0.967491035,0.008481963439,0.9682376222,0.01091949608,0.0000,0.0000,0.0113,0.0001,0.0000,0.0223,2
cg19360930,0.8692125468,0.0534954413,0.6579532677,0.288663677,0.9441898208,0.03524432337,0.7828492267,0.2505653654,0.0002,0.0000,0.0005,0.0004,0.0000,0.0015,2
cg19513282,0.9505919225,0.01199099871,0.9355984533,0.08848416727,0.9507622589,0.04240777542,0.9448196424,0.02818226292,0.2419,0.0103,0.4494,0.2934,0.0154,0.4944,2
cg19620972,0.978622069,0.003745060912,0.9720153878,0.01544604615,0.9758630138,0.004951102357,0.9763759719,0.005673085705,0.0422,0.0027,0.1413,0.0602,0.0049,0.1943,2
cg19809052,0.9461255432,0.01651231824,0.926947096,0.05293424084,0.9521342838,0.01064226489,0.92568262,0.06981822088,0.4122,0.0149,0.3953,0.4845,0.0214,0.4411,2
cg19878076,0.7764776581,0.05240827492,0.6971053443,0.140064484,0.7906951258,0.09791316038,0.6730395404,0.1997006906,0.0008,0.0000,0.0009,0.0017,0.0000,0.0026,2
cg19993573,0.9771115046,0.02240082506,0.774000598,0.260789426,0.9751025261,0.03476180301,0.9564975605,0.07707597807,0.0000,0.1869,0.0006,0.0000,0.2197,0.0020,2
cg20283498,0.7156795161,0.04061882677,0.670403223,0.1307642612,0.7416272483,0.09676198868,0.6327504268,0.0979693982,0.0968,0.0000,0.0000,0.1242,0.0000,0.0001,2
cg20377030,0.07655398215,0.01261258641,0.1176302189,0.1330926911,0.07400147579,0.01317808631,0.08173340443,0.01252706826,0.5050,0.3740,0.1030,0.5804,0.4267,0.1570,2
cg20561320,0.9463421911,0.01774814148,0.9316756674,0.02971695673,0.935912237,0.01801743477,0.9253205215,0.0478661035,0.0078,0.0000,0.0021,0.0134,0.0000,0.0053,2
cg20844545,0.01776877968,0.007508009877,0.04335202234,0.09242637833,0.01786905853,0.01814532172,0.01759175225,0.003891845793,0.0396,0.8992,0.5504,0.0575,0.9170,0.5920,2
cg20844861,0.1451357357,0.1364256655,0.1693593241,0.1577027287,0.1098799884,0.1210966508,0.1063383619,0.1090949335,0.0006,0.0901,0.3190,0.0014,0.1119,0.3779,2
cg20908614,0.04446508418,0.007546127839,0.04298916708,0.007189221768,0.04081914568,0.007788517168,0.04155791043,0.008186565152,0.5668,0.0010,0.1271,0.6325,0.0020,0.1795,2
cg20919680,0.01351905954,0.002355608688,0.01426929169,0.002201322175,0.01320888207,0.002327688852,0.01294023169,0.002520032844,0.0790,0.4667,0.1089,0.1031,0.5171,0.1629,2
cg21783213,0.9163220561,0.02001536196,0.9339170651,0.02806003365,0.9342222977,0.02681641627,0.8865560646,0.08167199855,0.0006,0.0000,0.0321,0.0013,0.0000,0.0569,2
cg21787835,0.9779269241,0.003707220557,0.9744056227,0.008492512692,0.976060815,0.004636976896,0.976450209,0.004894310602,0.0684,0.0224,0.3525,0.0924,0.0313,0.4021,2
cg22328644,0.7786592549,0.06547895124,0.6683210496,0.1248203134,0.6687046619,0.1311186444,0.5949209267,0.1735849994,0.0001,0.0000,0.0000,0.0002,0.0000,0.0000,2
cg22445447,0.7520898515,0.05615758509,0.9114579232,0.06744310328,0.9444341537,0.01539807602,0.7627937899,0.2221708781,0.0000,0.0000,0.0000,0.0000,0.0000,0.0001,2
cg22446618,0.9055686176,0.082624401,0.9074564495,0.03316863311,0.9255676059,0.01674834335,0.9207034671,0.02346003207,0.0708,0.0264,0.0943,0.0948,0.0359,0.1467,2
cg22737917,0.01514413232,0.003119244263,0.0165339336,0.002698584317,0.01574506205,0.003270346251,0.01519676716,0.002013729631,0.0105,0.0333,0.2398,0.0170,0.0434,0.2907,2
cg23067535,0.8316638476,0.03528291045,0.7866239856,0.1059245436,0.8436826399,0.04492827933,0.7492941216,0.135481263,0.1494,0.0022,0.0007,0.1901,0.0040,0.0022,2
cg23244913,0.2503677116,0.1012187193,0.6121125734,0.1307394513,0.6062944651,0.186660379,0.194956721,0.1950209511,0.0000,0.0000,0.0004,0.0000,0.0000,0.0013,2
cg23650686,0.9443609196,0.04121919648,0.9463843584,0.02491902129,0.9540985219,0.008396965642,0.9476741921,0.01167066997,0.7914,0.1687,0.1602,0.8347,0.2014,0.2145,2
cg23652866,0.0435873722,0.007933022525,0.1192869382,0.1443545511,0.0431714206,0.01009269118,0.04418128374,0.01136929274,0.0733,0.4704,0.3448,0.0973,0.5175,0.3963,2
cg23822732,0.937412243,0.02227922698,0.4729513545,0.2120834249,0.9082314494,0.1009667734,0.8153827439,0.211149167,0.0000,0.4061,0.0009,0.0000,0.4565,0.0027,2
cg23946286,0.6383865727,0.0479844844,0.7083359656,0.1718445582,0.7974877462,0.1515946586,0.630371905,0.1881085587,0.0000,0.0000,0.0001,0.0000,0.0000,0.0005,2
cg24125861,0.842084849,0.02521257476,0.8290990169,0.07280850797,0.8623049142,0.0485262033,0.8558839968,0.02886996887,0.0422,0.0000,0.0000,0.0602,0.0000,0.0002,2
cg24195486,0.2643640158,0.05422839062,0.5398073736,0.1937550201,0.3594490408,0.1578711939,0.3808004336,0.1285743614,0.0000,0.0000,0.0000,0.0000,0.0001,0.0000,2
cg24239148,0.0279875147,0.02475364346,0.3509959092,0.31843197,0.03374264798,0.04195605112,0.06521446878,0.07501480444,0.0000,0.0567,0.0039,0.0000,0.0716,0.0090,2
cg24651706,0.06183974934,0.009266303769,0.05631947054,0.009174259247,0.05698377214,0.01328769548,0.05780497724,0.01135540306,0.0763,0.0016,0.3336,0.1004,0.0030,0.3922,2
cg24880892,0.9409900928,0.01573741747,0.9268908872,0.01900699763,0.9423460551,0.0131782472,0.9256897648,0.02842395041,0.0006,0.9660,0.0138,0.0014,0.9660,0.0262,2
cg24883498,0.1425726263,0.02873429742,0.1698885215,0.1063386621,0.1404931341,0.05855901126,0.1547619095,0.07352935997,0.0593,0.0318,0.1619,0.0808,0.0422,0.2149,2
cg24913868,0.1580074485,0.04939970466,0.4740816505,0.2332041165,0.1629068842,0.1292536361,0.1889151341,0.136555403,0.0000,0.0101,0.3832,0.0000,0.0153,0.4307,2
cg25052664,0.126988226,0.03017968395,0.4144865747,0.1649134863,0.1095989564,0.05912451859,0.1405922682,0.06162744908,0.0000,0.0000,0.1991,0.0000,0.0000,0.2555,2
cg25099516,0.6009860879,0.1051888048,0.7672788959,0.1341307032,0.8358268186,0.09718403658,0.6717213431,0.1607665776,0.0000,0.0000,0.0001,0.0000,0.0000,0.0003,2
cg25387540,0.8651904599,0.06709790798,0.8723719134,0.07914259888,0.9195720542,0.03907546965,0.840702749,0.1169052371,0.0438,0.0000,0.0584,0.0614,0.0000,0.0968,2
cg25682097,0.139977255,0.0218044105,0.3576295344,0.2234398066,0.115564402,0.1027557937,0.1208044936,0.08091057366,0.0000,0.0000,0.0000,0.0000,0.0000,0.0000,2
cg25730020,0.8797571363,0.07636226668,0.8675149673,0.08894107857,0.8933039559,0.08089145488,0.715904246,0.2140761869,0.6199,0.0053,0.0000,0.6771,0.0087,0.0001,2
cg26087735,0.8369283721,0.01788154383,0.8346527498,0.02117493931,0.8461748731,0.02481608673,0.823159781,0.05837756957,0.6770,0.0075,0.6084,0.7240,0.0117,0.6418,2
cg26210187,0.05651038127,0.01246749558,0.1489563322,0.1595693639,0.06205470101,0.05832683408,0.05061755597,0.01824643111,0.0011,0.0039,0.0031,0.0021,0.0067,0.0073,2
cg26280911,0.6138104746,0.08009548159,0.3937805389,0.1763258838,0.2301996496,0.1517908259,0.3008114763,0.1467849022,0.0000,0.0000,0.0000,0.0000,0.0000,0.0000,2
cg26306256,0.0746865057,0.01185134377,0.07568614536,0.01237157623,0.07401538377,0.01092440494,0.08034291404,0.01157155178,0.9606,0.4006,0.1271,0.9606,0.4536,0.1795,2
cg26416887,0.394889333,0.04167783289,0.6942991524,0.1758299171,0.6615567663,0.2046137845,0.3912906368,0.2312869199,0.0000,0.0000,0.0022,0.0000,0.0000,0.0055,2
cg26979504,0.4021806942,0.06138013141,0.5017540836,0.1531936608,0.4995359794,0.1834741074,0.3891225606,0.1537039235,0.0000,0.0000,0.0873,0.0000,0.0000,0.1372,2
cg27173717,0.4561734988,0.05830684125,0.5429405945,0.1787054897,0.4522891701,0.1583097882,0.3392723224,0.1523985013,0.0006,0.0088,0.0001,0.0014,0.0135,0.0004,2
cg27432242,0.8455329345,0.03992335525,0.7715624577,0.09018483259,0.7862112579,0.0932448609,0.7184043201,0.126604501,0.0001,0.0000,0.0000,0.0004,0.0001,0.0000,2
ch.9.98463211R,0.05450360765,0.01511136025,0.04109512031,0.0218108948,0.04485981472,0.02042601048,0.03105039672,0.006641810587,0.0000,0.0000,0.0000,0.0001,0.0000,0.0000,2
cg00376022,0.09224361171,0.0188440728,0.2415248818,0.1798213168,0.1003740875,0.06638033958,0.1029443544,0.08055298689,0.0000,0.1659,0.2623,0.0000,0.1825,0.3157,3
cg00575003,0.2291372759,0.05507574008,0.5462627634,0.2628265806,0.2738337453,0.1689176572,0.2966060641,0.1290240219,0.0000,0.0344,0.0138,0.0000,0.0421,0.0267,3
cg01514015,0.762913376,0.05544053807,0.8691767968,0.05693868087,0.8793976271,0.05363275687,0.8053006452,0.1503006204,0.0000,0.0000,0.0000,0.0000,0.0000,0.0001,3
cg02299497,0.7397527478,0.04934474045,0.8034143338,0.1138796419,0.8196126316,0.1386898705,0.5680587514,0.2536310476,0.0000,0.0000,0.0000,0.0000,0.0000,0.0001,3
cg04999999,0.9547292665,0.01415549251,0.7670910298,0.1748456669,0.9282096853,0.06345005323,0.8603210557,0.167513862,0.0000,0.0002,0.0000,0.0000,0.0004,0.0000,3
cg05120309,0.7831822368,0.06263090032,0.8146407844,0.1974198289,0.8786820355,0.1320763973,0.7382878714,0.2067393715,0.0000,0.0000,0.0107,0.0000,0.0000,0.0235,3
cg06261630,0.902300013,0.03587839687,0.8004103116,0.1515618013,0.8932200233,0.1008525518,0.8930408641,0.116269787,0.0012,0.0000,0.6084,0.0014,0.0001,0.6274,3
cg06461708,0.2215750127,0.02515010472,0.5109541263,0.161060511,0.2229703232,0.1123719722,0.2443308018,0.1458424072,0.0000,0.0000,0.0005,0.0000,0.0000,0.0025,3
cg08568720,0.02439359991,0.003982810153,0.3359599649,0.325391146,0.02766035211,0.03008658431,0.02361762135,0.00368565835,0.0000,0.0246,0.4950,0.0000,0.0313,0.5269,3
cg08991927,0.8886287216,0.04203218224,0.6728426017,0.2184440386,0.851480055,0.1317796146,0.8713792912,0.07561321494,0.0000,0.0461,0.4726,0.0000,0.0544,0.5199,3
cg09414045,0.02144053584,0.003860120528,0.0328276695,0.01066258033,0.02506201609,0.006106775728,0.02480661623,0.006460948931,0.0000,0.0000,0.0102,0.0000,0.0000,0.0235,3
cg09550127,0.9137193681,0.02250910275,0.7978536848,0.158592934,0.9369947399,0.02737253484,0.9015919619,0.06830374716,0.0009,0.0000,0.1271,0.0011,0.0000,0.1997,3
cg09555153,0.8924669268,0.01759088443,0.885279881,0.04776631317,0.9121797176,0.02500467002,0.8913722903,0.03422301392,0.0680,0.0000,0.2568,0.0748,0.0000,0.3157,3
cg09777525,0.05296128647,0.01776822985,0.3771999705,0.3141258719,0.04164305428,0.07810130215,0.04183369814,0.04426576694,0.0000,0.0000,0.0000,0.0000,0.0000,0.0000,3
cg13813623,0.04405759274,0.009450488195,0.04067402695,0.007772173117,0.03890726409,0.01100825738,0.0388622746,0.008091597268,0.6135,0.0023,0.2679,0.6135,0.0035,0.3157,3
cg15165694,0.1647077171,0.2339145791,0.2940187945,0.2889169334,0.09980178701,0.1741453335,0.2299577246,0.2285838249,0.0472,0.1172,0.2189,0.0537,0.1333,0.2890,3
cg16850518,0.911944625,0.024301804,0.757690226,0.199022778,0.9144973571,0.06519429462,0.8486292137,0.1489845876,0.0000,0.0000,0.0280,0.0001,0.0000,0.0509,3
cg16881064,0.04398213269,0.01075551499,0.5294985723,0.3372881992,0.1162025479,0.207496153,0.04996391122,0.044075145,0.0000,0.1942,0.4433,0.0000,0.2067,0.5044,3
cg18075691,0.3054683418,0.1112935717,0.4544530631,0.2369732026,0.3091371249,0.2262207436,0.2135574,0.1751624916,0.0002,0.0004,0.0014,0.0002,0.0007,0.0047,3
cg18245160,0.3146178945,0.04149707698,0.6626631058,0.1699798726,0.3588593094,0.2073964033,0.3406878114,0.2148589399,0.0000,0.0000,0.0046,0.0000,0.0000,0.0127,3
cg18315960,0.2186818149,0.0388936031,0.4571987701,0.2232792525,0.2514109243,0.1478399091,0.1968956243,0.1120667313,0.0000,0.0056,0.0011,0.0000,0.0081,0.0044,3
cg20585869,0.05420938011,0.02768069295,0.2256043831,0.1939937685,0.03346341114,0.05672098245,0.07870735736,0.09971239186,0.0000,0.0000,0.1915,0.0001,0.0000,0.2633,3
cg20686446,0.5914933814,0.07304219919,0.9317886912,0.1160485879,0.9504197186,0.07024207105,0.6634842508,0.2731219296,0.0000,0.0000,0.0001,0.0000,0.0000,0.0003,3
cg20887442,0.6335334448,0.06692270739,0.9506838003,0.09912617834,0.9608380907,0.04722376563,0.7496620917,0.2251642489,0.0000,0.0000,0.0000,0.0000,0.0000,0.0000,3
cg21972063,0.9182238661,0.0233680184,0.676061136,0.2205070291,0.9058113364,0.08370143986,0.8448199559,0.1653480302,0.0000,0.0225,0.0057,0.0000,0.0296,0.0146,3
cg22851252,0.04583963013,0.006706074372,0.0425689544,0.00671090135,0.04399379915,0.007722764758,0.04759326872,0.01105441986,0.2809,0.2710,0.6668,0.2897,0.2794,0.6668,3
cg23170495,0.9012750062,0.04012230535,0.5149705972,0.2449692023,0.8976445345,0.0904870361,0.813422838,0.2106958679,0.0000,0.0010,0.0608,0.0000,0.0016,0.1002,3
cg23419606,0.8472425442,0.03724266141,0.8674054127,0.1293237183,0.85565831,0.1312851307,0.80122168,0.1691237454,0.0000,0.0000,0.0293,0.0000,0.0000,0.0509,3
cg23626762,0.9045057949,0.02582929893,0.6218646025,0.1825997016,0.8881409094,0.06565949546,0.8464098014,0.1407044727,0.0000,0.6868,0.1454,0.0000,0.6868,0.2086,3
cg24655262,0.4992222398,0.04077734484,0.6101827125,0.1278265143,0.7036295696,0.08116285882,0.4719832912,0.150957128,0.0000,0.0000,0.0119,0.0000,0.0000,0.0245,3
cg26000619,0.1351632056,0.06275533351,0.5736547735,0.1607217987,0.1936655005,0.2196137303,0.2713493873,0.2384789072,0.0000,0.0089,0.0012,0.0000,0.0123,0.0044,3
cg26481727,0.4369874794,0.04454802126,0.6383638608,0.2568961903,0.8409700617,0.1261197003,0.4678192439,0.2695566415,0.0000,0.0000,0.0016,0.0000,0.0000,0.0049,3
cg27474516,0.1728565516,0.168252955,0.2607588908,0.2098476871,0.1272463978,0.1429394793,0.2502564907,0.2057002101,0.1327,0.0003,0.1360,0.1413,0.0005,0.2040,3
cg01782798,0.3905806537,0.1074970446,0.723434851,0.1950579365,0.8329635012,0.1264181997,0.5969418507,0.230613129,0.0000,0.0000,0.0000,0.0000,0.0000,0.0000,4
cg03082060,0.6590219366,0.04805644202,0.6629939455,0.2330766679,0.8156093678,0.1426343265,0.6662814439,0.2071538848,0.0016,0.0000,0.0000,0.0020,0.0000,0.0000,4
cg03673737,0.07256737252,0.01611892927,0.4043509158,0.2878229568,0.1169544896,0.12533243,0.1255267481,0.132660937,0.0000,0.0715,0.0157,0.0000,0.0858,0.0188,4
cg04131583,0.02974036661,0.01515013319,0.2288440412,0.2214897927,0.0404826901,0.07289754821,0.03975574379,0.04534248749,0.0000,0.5908,0.2734,0.0000,0.6330,0.2734,4
cg04291383,0.9288143501,0.0181927358,0.7532556193,0.1906141984,0.9114686423,0.07225991597,0.879911868,0.0807278588,0.0000,0.7695,0.0007,0.0000,0.7695,0.0011,4
cg08321111,0.5259901275,0.05251285332,0.7262561624,0.1913174627,0.8208191357,0.1244057509,0.6097099216,0.2396019346,0.0000,0.0000,0.0000,0.0000,0.0000,0.0000,4
cg08323277,0.4051974946,0.04519028194,0.5190234845,0.1875703634,0.2673642792,0.1143222409,0.3597402854,0.146972689,0.0006,0.0000,0.0000,0.0008,0.0000,0.0000,4
cg09528501,0.6379154361,0.07768941952,0.6269556584,0.2004369829,0.8203137953,0.1204198353,0.6458394263,0.2435759908,0.0045,0.0000,0.0000,0.0052,0.0000,0.0000,4
cg10334354,0.1193509078,0.04963303464,0.3337286314,0.2073085274,0.1131690468,0.06810662876,0.1446294282,0.0739592185,0.0000,0.0781,0.0239,0.0000,0.0901,0.0271,4
cg10343787,0.2875063553,0.03318827605,0.2470024937,0.1205913943,0.2362252545,0.1261373268,0.1989731343,0.1085065119,0.0006,0.0000,0.0000,0.0008,0.0000,0.0000,4
cg10595181,0.8858503983,0.02343635814,0.8693423936,0.08549665907,0.8695098934,0.08041907102,0.8316605055,0.1314333674,0.3716,0.0401,0.0134,0.3844,0.0502,0.0167,4
cg11337388,0.5165880961,0.03003253033,0.6873395926,0.1079814141,0.7205023073,0.09702369467,0.6084810366,0.1555115661,0.0000,0.0000,0.0000,0.0000,0.0000,0.0000,4
cg11382589,0.6498232561,0.04671263277,0.593940099,0.1752085373,0.7115653307,0.176657817,0.630021041,0.1641389952,0.0001,0.0000,0.0048,0.0002,0.0000,0.0066,4
cg11731892,0.05385082741,0.01304410035,0.05447570595,0.01167782349,0.05123161773,0.01130115053,0.05034229227,0.01083216286,0.7636,0.1424,0.0244,0.7636,0.1583,0.0271,4
cg12839556,0.882776611,0.03350661203,0.7664482136,0.1319749445,0.8823528742,0.04589045607,0.8411527784,0.05658787307,0.0000,0.7585,0.0001,0.0000,0.7695,0.0002,4
cg14029856,0.7510268139,0.05405866455,0.4829453367,0.2432744422,0.7645366056,0.1775859489,0.6805214121,0.1874679455,0.0000,0.0000,0.0004,0.0000,0.0000,0.0006,4
cg16002441,0.2020670217,0.04437520491,0.3082569684,0.1349194401,0.2137263171,0.09523242472,0.1857775574,0.07400494258,0.0000,0.0125,0.0273,0.0000,0.0163,0.0293,4
cg16557698,0.8617989937,0.03145337767,0.7027674039,0.182913249,0.8945643789,0.1064585064,0.8519112067,0.151182087,0.0000,0.0000,0.0000,0.0000,0.0000,0.0000,4
cg17511472,0.3715633833,0.05178981881,0.5283848513,0.2279539262,0.2596029748,0.1266092145,0.3689253771,0.1365149311,0.0001,0.0000,0.0550,0.0001,0.0000,0.0569,4
cg17844831,0.4139465785,0.05238256684,0.7080256436,0.1310185069,0.4760080134,0.2299318029,0.467317484,0.1747191203,0.0000,0.0000,0.0000,0.0000,0.0000,0.0001,4
cg18026820,0.816678087,0.02846362099,0.5285967072,0.1359119816,0.7873060928,0.1348861938,0.713780702,0.1510592619,0.0000,0.0000,0.0000,0.0000,0.0000,0.0000,4
cg18986078,0.7106665455,0.05925505145,0.8943218595,0.109854613,0.7314367433,0.1497369092,0.6604009969,0.2185091167,0.0000,0.0002,0.0001,0.0000,0.0002,0.0002,4
cg20132581,0.95794627,0.01307346977,0.9257677213,0.1423156547,0.948313399,0.01607416368,0.9451035107,0.01971594882,0.0212,0.0000,0.0002,0.0236,0.0000,0.0003,4
cg20317437,0.8568288882,0.03108376608,0.8775366432,0.04726879795,0.9182194628,0.0263489565,0.8522712658,0.1149875912,0.0019,0.0000,0.0004,0.0023,0.0000,0.0006,4
cg21207665,0.1219320021,0.02363106153,0.5308162674,0.2115464416,0.227686027,0.1937023629,0.1632999817,0.1510759566,0.0000,0.0001,0.0089,0.0000,0.0001,0.0116,4
cg23372723,0.8937122885,0.03154994577,0.6766541801,0.1785768894,0.673833841,0.1648721762,0.6553534002,0.1752210918,0.0000,0.0000,0.0000,0.0000,0.0000,0.0000,4
cg23655651,0.215629333,0.05642580423,0.1630266249,0.1076556736,0.1216049335,0.08373451708,0.1917965097,0.130948287,0.0001,0.0000,0.0002,0.0002,0.0000,0.0004,4
cg24726783,0.6102519605,0.07118767822,0.9674720862,0.0631284711,0.9539293759,0.09646932406,0.7427317775,0.2038911192,0.0000,0.0000,0.0000,0.0000,0.0000,0.0000,4
cg27632493,0.7853828406,0.04964717444,0.8170660338,0.1142812902,0.8743891691,0.08014330145,0.8048582058,0.1361942241,0.0003,0.0000,0.0019,0.0004,0.0000,0.0027,4
cg27655512,0.6103145859,0.04719331395,0.5714992279,0.1637340787,0.5979219629,0.159815941,0.5385093174,0.1266055626,0.0362,0.0001,0.0001,0.0388,0.0001,0.0002,4
cg00953355,0.06109966101,0.02583334283,0.4596578698,0.1817992586,0.2054770171,0.2060453468,0.1620648037,0.2001706277,0.0000,0.0000,0.0030,0.0000,0.0000,0.0037,5
cg02540440,0.8231538191,0.1880156523,0.8005576554,0.1992499728,0.9706222998,0.01006241699,0.6082630557,0.2226863882,0.2318,0.0000,0.0000,0.2318,0.0000,0.0000,5
cg06527318,0.5425742907,0.09236898213,0.4945727927,0.2466589752,0.4963551204,0.2356345546,0.3861638986,0.2790667481,0.1954,0.0084,0.0001,0.2149,0.0103,0.0001,5
cg09444327,0.03737550611,0.06815964243,0.3274298447,0.285925348,0.03927168705,0.02338432122,0.03721756053,0.01423416639,0.0000,0.0000,0.0000,0.0000,0.0000,0.0000,5
cg09676669,0.3244788511,0.04370041953,0.4761748389,0.2206035658,0.1368301524,0.1091295099,0.2196062102,0.2140564588,0.0000,0.0000,0.0000,0.0000,0.0000,0.0000,5
cg12992385,0.02956940255,0.006469611048,0.1790637139,0.1843940765,0.03180024609,0.03170577944,0.03051549623,0.0308992634,0.0000,0.0000,0.0000,0.0000,0.0000,0.0000,5
cg17862275,0.9517198724,0.02762256167,0.9049948134,0.1323072013,0.9484660491,0.03312868948,0.9519970351,0.007614683004,0.0164,0.1288,0.2437,0.0226,0.1288,0.2437,5
cg21016188,0.1660777898,0.2387262684,0.2997176544,0.2413756785,0.02074621688,0.01170515501,0.4507349828,0.1656036891,0.0315,0.0040,0.0000,0.0384,0.0055,0.0000,5
cg21879102,0.3896768737,0.06304994534,0.7874437029,0.2172337978,0.3810434887,0.2475654131,0.3181720087,0.2221861486,0.0000,0.0000,0.0000,0.0000,0.0000,0.0000,5
cg21885046,0.01772520951,0.01331376366,0.1676196723,0.1726525613,0.02532423986,0.03896849087,0.01857508991,0.01647127592,0.0000,0.0485,0.0552,0.0000,0.0534,0.0608,5
cg23331981,0.4726998633,0.08508814167,0.9227558307,0.07234382726,0.3519558453,0.244533726,0.3785298032,0.2612336912,0.0000,0.0000,0.0000,0.0000,0.0000,0.0000,5