,norm_avg,c1_avg,c1_deviation,c2_avg,c2_deviation,c3_avg,c3_deviation,pval_norm_vs_c1,pval_norm_vs_c2,pval_norm_vs_c3,padj_norm_vs_c1,padj_norm_vs_c2,padj_norm_vs_c3,conv_set
cg00023464,-0.009780492501,-0.2544608271,-0.2446803346,-0.3767959263,-0.3670154338,0.06376172217,0.07354221467,0.000426631,0,0.006025433,0.001061245,0,0.010900555,A
cg00101453,-4.181532764,-4.078812245,0.1027205188,-4.133361994,0.04817077067,-4.176416422,0.005116342516,0.128639717,0.084820269,0.515515944,0.16100191,0.101682129,0.554527961,A
cg00483562,-2.241906965,-0.6859323015,1.555974663,-1.969481972,0.2724249928,-1.981901724,0.2600052409,0.000000001,0.005540398,0.008180562,0.000000008,0.007989414,0.014033896,A
cg00660701,1.977133905,2.05877273,0.08163882496,2.164085989,0.186952084,2.028272235,0.05113832963,0.456573698,0.000318015,0.042947298,0.501978817,0.000555132,0.06104017,A
cg00693769,3.324036659,3.216530399,-0.1075062606,3.241197311,-0.08283934766,3.138297701,-0.1857389583,0.014005601,0.000002668,0.000030778,0.024026851,0.000005899,0.000094227,A
cg00729269,-2.553397299,-2.649362451,-0.09596515169,-2.603659339,-0.0502620394,-2.63163229,-0.07823499108,0.054214585,0.377050461,0.34593335,0.077616564,0.419179004,0.393375638,A
cg00779130,-3.124422089,-3.148200301,-0.02377821238,-3.154974808,-0.03055271904,-3.156394542,-0.03197245309,0.3112244,0.131228446,0.202477515,0.351895771,0.152716144,0.239839437,A
cg00905354,4.071008546,3.79459505,-0.2764134952,3.914026824,-0.1569817215,3.874165569,-0.1968429762,0.000112323,0.002834866,0.004944359,0.000319318,0.004273776,0.009195583,A
cg00936146,-3.257920649,-2.097476743,1.160443906,-3.254446816,0.003473832782,-3.258952847,-0.001032197686,0.01567962,0.979836134,0.69836038,0.025575773,0.979836134,0.735310665,A
cg01043865,-2.515121344,-1.569783188,0.9453381567,-2.341907698,0.1732136459,-2.454534213,0.06058713186,0.000000148,0.008889346,0.017471148,0.000000686,0.012545956,0.026744296,A
cg01226742,-0.1857181606,0.2305056852,0.4162238457,-0.7466094756,-0.560891315,-0.2125803835,-0.02686222288,0.002681828,0,0.282250683,0.005445753,0,0.32466986,A
cg01361446,0.903932592,0.5472388506,-0.3566937413,1.406069012,0.5021364204,0.427931557,-0.476001035,0.096444024,0.000001818,0.000252669,0.126265532,0.000004065,0.000644631,A
cg01579535,-0.1551686392,0.4898968336,0.6450654728,0.7448665705,0.9000352097,-0.3198467291,-0.1646780899,0,0,0.000018507,0,0,0.000059402,A
cg01617920,2.638493865,2.783403162,0.1449092962,2.878311512,0.2398176464,2.767572363,0.1290784981,0.128639717,0.000003243,0.002835013,0.16100191,0.000007016,0.005477354,A
cg01770232,-1.15401627,-1.798582202,-0.644565932,-2.189163994,-1.035147724,-1.931372033,-0.7773557633,0,0,0,0,0,0,A
cg02202483,2.993972799,2.765095422,-0.2288773763,2.846872073,-0.1471007254,2.78649254,-0.2074802589,0.038161769,0.001028968,0.001412501,0.057099188,0.001678399,0.003022448,A
cg02238504,1.978539433,1.547764693,-0.4307747402,2.744291012,0.7657515795,2.427503067,0.4489636344,0.005319315,0,0.000000003,0.01037788,0,0.000000022,A
cg02310027,0.7327964073,1.117048627,0.3842522199,-0.3375862789,-1.070382686,0.9022262903,0.169429883,0.032708386,0,0.002069753,0.049310369,0,0.00418386,A
cg02544836,0.7548525403,0.5952827568,-0.1595697835,0.8366306677,0.08177812738,0.0823261531,-0.6725263872,0.023748078,0.011150661,0,0.036962139,0.015517354,0.000000001,A
cg02848122,2.988424322,2.845367728,-0.1430565949,2.914833733,-0.07359058987,2.790361315,-0.1980630071,0.08433013,0.058691784,0.000077523,0.115735834,0.072096698,0.000217282,A
cg02907415,1.81702292,0.9254989119,-0.8915240082,2.042589185,0.2255662652,1.768220582,-0.04880233802,0.000012806,0.000001683,0.090141365,0.000046336,0.00000385,0.114255615,A
cg03008269,-2.736076981,-2.742082129,-0.006005148746,-2.731444143,0.004632837894,-2.690635855,0.04544112587,0.954059045,0.226976288,0.087127684,0.954059045,0.258104465,0.111143648,A
cg03112782,-2.114195094,-2.19561934,-0.08142424625,-2.202559375,-0.08836428085,-2.182480974,-0.0682858804,0.1414746,0.010857016,0.005900553,0.1737867,0.015215114,0.01077257,A
cg03115072,-4.166086649,-4.064507285,0.101579364,-4.064932453,0.1011541958,-4.108370769,0.05771588012,0.095994144,0.003773319,0.013414107,0.126265532,0.00560366,0.021880388,A
cg03191116,-3.15434626,-3.15650065,-0.002154389591,-3.123024926,0.03132133471,-3.100667978,0.0536782827,0.419980863,0.245863292,0.49300299,0.464312177,0.277993154,0.536107077,A
cg03599988,3.133530114,3.212859455,0.07932934134,3.237127628,0.1035975143,3.199208396,0.06567828267,0.335719544,0.103809898,0.211472735,0.375326906,0.12223769,0.247776067,A
cg03804272,-1.830655992,-1.370754,0.4599019915,-2.658200353,-0.827544361,-2.334625652,-0.5039696603,0.002681828,0,0,0.005445753,0,0.000000001,A
cg03851515,2.765022165,2.616404566,-0.1486175987,2.895483851,0.130461686,2.623534209,-0.1414879556,0.605263377,0.001303095,0.024321883,0.640677723,0.002091257,0.036879801,A
cg03988527,-2.743577585,-0.3363673752,2.40721021,-2.919730002,-0.1761524166,-3.194377445,-0.4507998597,0,0.00000179,0.000000182,0,0.000004048,0.000000885,A
cg04141261,1.785528664,1.882762288,0.09723362384,0.5569213318,-1.228607332,1.357667429,-0.4278612349,0.694042313,0,0.007012881,0.723112148,0,0.012241783,A
cg04568117,-3.933990382,-3.799287074,0.1347033078,-3.82849757,0.1054928111,-3.872287594,0.06170278738,0.007903285,0.001407961,0.059554143,0.014297762,0.002223684,0.079538755,A
cg04588514,3.148790398,1.645873665,-1.502916733,2.916574968,-0.2322154295,2.807717889,-0.3410725086,0,0.000284308,0.000023537,0.000000001,0.000514011,0.000073185,A
cg05272960,0.2174914652,0.4362758096,0.2187843445,0.8012524656,0.5837610005,0.02335216999,-0.1941392952,0.000051376,0,0.000286838,0.000159746,0,0.000696107,A
cg05454076,-1.039844756,0.4042684606,1.444113217,-0.4642020725,0.5756426836,-1.125352897,-0.08550814075,0,0.00000003,0.013561561,0,0.000000077,0.021941062,A
cg05607246,-4.21767007,-4.20659134,0.01107873061,-4.182561436,0.0351086346,-4.173970259,0.04369981086,0.934418221,0.091721211,0.053972436,0.948720541,0.109296533,0.073565169,A
cg05826626,-3.834808257,-3.689005746,0.1458025108,-3.693246577,0.14156168,-3.72034109,0.1144671672,0.008951169,0.000057676,0.015858515,0.015763564,0.000115934,0.024539459,A
cg05938177,-2.673759507,-2.691981837,-0.01822233009,-2.762831593,-0.08907208598,-2.769627435,-0.09586792815,0.102766485,0.022812834,0.015522233,0.133663598,0.030265026,0.024539459,A
cg06230247,1.415653728,2.252509349,0.8368556208,2.370610022,0.9549562933,2.096209219,0.6805554909,0,0,0,0,0,0,A
cg06287395,-3.408774666,-3.318415737,0.09035892952,-3.322030308,0.08674435874,-3.302494086,0.1062805802,0.167422077,0.067616037,0.063881522,0.204398732,0.08254964,0.083634361,A
cg06431953,2.643983243,2.399422412,-0.2445608316,2.463283281,-0.1806999625,2.429862851,-0.2141203923,0.001169447,0.000021554,0.000228931,0.002585777,0.00004468,0.000591654,A
cg06580523,2.349855472,0.9063161306,-1.443539341,2.459664055,0.1098085826,2.035847292,-0.31400818,0.000000059,0.000000019,0.009902986,0.000000299,0.000000049,0.016560455,A
cg06633637,-4.036643691,-3.966633732,0.07000995921,-4.015136951,0.02150674018,-4.063459433,-0.0268157419,0.013227558,0.154464893,0.915698973,0.022889426,0.17767927,0.920323716,A
cg06854842,-0.148442031,-0.8965583314,-0.7481163004,-1.108483847,-0.9600418164,-0.5521590789,-0.4037170479,0,0,0.000000009,0.000000003,0,0.000000057,A
cg06882058,-0.1012428696,0.5459727275,0.6472155972,0.7325063639,0.8337492335,-0.0272972334,0.07394563621,0,0,0.000008656,0,0,0.00002871,A
cg06892815,2.948472721,2.839904815,-0.1085679068,3.020994905,0.07252218384,2.970296381,0.02182365995,0.53105525,0.002154735,0.039787343,0.571243214,0.003273223,0.056961735,A
cg07173112,0.5111325102,0.5626670234,0.05153451321,0.4130983025,-0.09803420764,0.4997798273,-0.01135268286,0.006430089,0.000085192,0.003582726,0.012303728,0.000164593,0.006790119,A
cg07269003,2.479428773,2.263537812,-0.2158909608,2.38981887,-0.08960990288,2.237531592,-0.241897181,0.09020571,0.056375931,0.003512669,0.12129011,0.069682052,0.006721357,A
cg07399395,1.863603033,1.890684033,0.02708099994,2.386913848,0.5233108146,1.61912166,-0.2444813736,0.296245567,0,0.000266525,0.340768022,0,0.000671372,A
cg07700962,-3.359024385,-3.364648199,-0.005623813051,-3.31858234,0.04044204591,-3.425993843,-0.06696945719,0.947551368,0.859520816,0.468467145,0.952336981,0.868246915,0.517916454,A
cg07713896,-2.75352634,-1.533534049,1.219992291,-2.526483784,0.2270425556,-2.373804457,0.3797218829,0.000000002,0.013440402,0.000000731,0.000000013,0.018445793,0.000002967,A
cg07824907,1.864127001,1.138183273,-0.7259437281,1.332243059,-0.5318839413,0.7339682951,-1.130158706,0.000000193,0,0,0.000000874,0,0,A
cg07825681,3.75536846,2.121566666,-1.633801794,3.889515231,0.1341467707,3.643660715,-0.1117077445,0.000039844,0.026414754,0.138345302,0.000129982,0.034582474,0.169942686,A
cg07905673,-2.704090331,-2.746302318,-0.04221198656,-3.158604248,-0.4545139168,-2.992323453,-0.2882331217,0.014467767,0,0.000000783,0.024193997,0,0.000003054,A
cg08525845,-1.137237051,-0.05869905408,1.078537997,-0.5737782827,0.5634587683,-0.7419044631,0.3953325879,0,0,0.000000443,0.000000001,0,0.000001874,A
cg08703718,-2.187190459,-1.270114614,0.9170758454,-2.544920789,-0.3577303296,-2.358018167,-0.1708277071,0.000185639,0,0.000000008,0.000486081,0,0.000000051,A
cg08889347,0.8345814025,0.7691897452,-0.06539165727,2.130494226,1.295912824,1.459982404,0.6254010017,0.002681828,0,0.000000001,0.005445753,0,0.000000006,A
cg09110148,-2.083019485,-0.4153110345,1.66770845,-1.221079439,0.8619400455,-1.750295351,0.332724133,0,0,0.000076754,0.000000001,0,0.000217282,A
cg09167117,0.5014692877,0.7398959634,0.2384266756,0.7501224251,0.2486531374,0.4468566603,-0.0546126274,0.000017216,0.000000007,0.015907489,0.000061179,0.00000002,0.024539459,A
cg09343544,-2.174553479,-2.100510348,0.07404313099,-2.107983413,0.06657006629,-2.159544765,0.01500871432,0.213779445,0.055759346,0.868808427,0.253226843,0.069350687,0.886630139,A
cg09524078,-2.413644425,-2.218780803,0.1948636218,-2.519760719,-0.106116294,-2.254752395,0.1588920293,0.202147566,0.003233392,0.000621489,0.243802216,0.004837932,0.001421567,A
cg09556823,2.99013704,2.812492898,-0.1776441419,2.893914688,-0.09622235275,2.949559932,-0.04057710878,0.108640319,0.022812834,0.238044929,0.139480151,0.030265026,0.277023046,A
cg09560533,1.281872964,0.403676898,-0.878196066,1.807244909,0.5253719451,1.419567595,0.1376946312,0.000000148,0,0.000006759,0.000000686,0,0.000022832,A
cg09817427,-1.464391337,-1.40691861,0.05747272713,-1.770441132,-0.3060497956,-1.515546548,-0.05115521107,0.00075162,0.000000008,0.000534408,0.001739213,0.00000002,0.001251144,A
cg09898060,-4.304291778,-4.243939787,0.06035199195,-4.268966374,0.03532540401,-4.308245992,-0.003954213707,0.095994144,0.328003218,0.999842775,0.126265532,0.366700227,0.999842775,A
cg09936190,-2.420908839,-2.513559817,-0.0926509776,-2.52724286,-0.1063340208,-2.566199162,-0.1452903227,0.007556575,0.000154985,0.000037853,0.01392369,0.000293733,0.000112429,A
cg10242602,-1.588199233,0.3035476864,1.891746919,-1.272136626,0.3160626063,-0.9680778098,0.6201214229,0,0.017205995,0.000000326,0,0.023135088,0.000001475,A
cg10584587,1.711405742,3.334150792,1.62274505,4.280779688,2.569373945,3.541364472,1.82995873,0.000000148,0,0,0.000000686,0,0,A
cg10592171,-0.6163004998,-0.4279248209,0.1883756789,-0.7427593083,-0.1264588085,-0.7378554972,-0.1215549974,0.002439843,0.000000166,0.000654573,0.005165199,0.000000417,0.001480227,A
cg10687420,2.526505375,1.410497013,-1.116008362,2.363702193,-0.162803182,2.185119532,-0.3413858433,0.000185639,0.515949445,0.050127254,0.000486081,0.558010541,0.06927308,A
cg10692118,-2.489066005,-1.562571914,0.9264940909,-2.461562519,0.02750348576,-2.510492808,-0.02142680379,0.000007329,0.480745139,0.575486187,0.000028597,0.525649905,0.609158251,A
cg10755961,-2.835103811,-1.974674877,0.8604289338,-2.982331779,-0.1472279675,-2.831747626,0.003356184705,0.014467767,0.09805861,0.751421651,0.024193997,0.116152758,0.774132971,A
cg10911283,1.899572431,0.6311659282,-1.268406502,1.784026548,-0.1155458828,1.632965134,-0.2666072969,0.000000006,0.556555607,0.002042117,0.000000032,0.586002993,0.00418386,A
cg10918735,-1.850893594,-0.3208354211,1.530058173,-1.823459501,0.02743409355,-1.763804967,0.08708862755,0.000000001,0.000031777,0.0435736,0.000000008,0.000065192,0.061064411,A
cg10952063,2.042971349,0.2878956923,-1.755075657,2.304855313,0.2618839644,1.720148747,-0.3228226022,0,0.000000017,0.00079735,0,0.000000046,0.001750201,A
cg11334838,-3.400559313,-3.275211052,0.1253482617,-3.261752197,0.138807116,-3.269896139,0.1306631749,0.08433013,0.000265075,0.00079735,0.115735834,0.000483944,0.001750201,A
cg11340371,-2.159356017,-2.182825133,-0.02346911652,-2.165409961,-0.006053943736,-2.076896785,0.08245923192,0.032128174,0.00030603,0.002631742,0.048805393,0.000538938,0.005134477,A
cg11368900,2.716772874,1.849403791,-0.8673690832,2.75157347,0.03480059537,2.513981166,-0.2027917085,0.000019873,0.005540398,0.119224341,0.000067031,0.007989414,0.149217886,A
cg12255774,1.370182939,1.580500725,0.210317786,1.751010045,0.3808271056,1.402500439,0.03231749962,0.001449411,0,0.002491158,0.003101429,0,0.004942402,A
cg12259903,1.257999917,0.9199413925,-0.3380585245,1.487966564,0.2299666466,1.150608798,-0.107391119,0.00075162,0,0.013760326,0.001739213,0,0.022083103,A
cg12387106,2.421184382,2.087294329,-0.3338900531,2.309815104,-0.1113692777,2.215234532,-0.2059498499,0.000066512,0.029971563,0.074093617,0.000200544,0.038982622,0.096370129,A
cg12527909,3.521995711,3.21834199,-0.3036537211,3.272091336,-0.2499043759,3.331844249,-0.1901514622,0.000162579,0,0.000062696,0.000455681,0,0.00018082,A
cg12678686,3.205444667,2.965028164,-0.240416503,2.992379395,-0.2130652726,2.722425439,-0.4830192285,0.000086584,0.0000606,0,0.000249712,0.0001194,0,A
cg12702615,1.732153892,1.672774319,-0.05937957299,2.266342504,0.5341886119,1.87145754,0.1393036482,0.096444024,0,0.000000326,0.126265532,0,0.000001475,A
cg12793803,0.1885447273,0.637222383,0.4486776558,1.353627099,1.165082372,0.2060895297,0.01754480245,0,0,0.000436212,0.000000001,0,0.001033407,A
cg12926934,-4.014025072,-3.961158163,0.05286690951,-3.928995103,0.08502996959,-3.956735214,0.05728985771,0.023748078,0.000349272,0.012936501,0.036962139,0.000604393,0.021275734,A
cg12950753,2.836980384,1.952445933,-0.8845344514,3.115165868,0.2781854841,2.567600857,-0.2693795267,0.000007329,0.000001683,0.211667997,0.000028597,0.00000385,0.247776067,A
cg12956209,-3.113002749,-3.090749776,0.02225297241,-3.077787786,0.03521496222,-3.108110101,0.004892647887,0.3112244,0.079374767,0.569885499,0.351895771,0.096314504,0.606455692,A
cg12986659,4.19503628,3.634028675,-0.5610076048,3.996500856,-0.1985354235,3.90535927,-0.289677009,0.000011544,0.000000002,0.000000588,0.000042541,0.000000004,0.00000244,A
cg13023210,-2.069398814,-1.089136058,0.9802627557,-1.94669488,0.1227039339,-1.946674862,0.1227239518,0.000000002,0.157656825,0.057527544,0.000000013,0.180308668,0.077877424,A
cg13040392,0.4424598161,1.016592231,0.5741324146,0.5591360634,0.1166762473,0.5578479135,0.1153880974,0.00000049,0.004368476,0.032707901,0.000002077,0.006392108,0.047859355,A
cg13206013,2.425406276,1.882723996,-0.5426822799,2.692603788,0.2671975124,2.309801398,-0.1156048777,0.01567962,0.000003119,0.407106374,0.025575773,0.000006821,0.455135778,A
cg13237033,-2.937945494,-2.442059544,0.4958859499,-3.061621343,-0.1236758495,-2.928462124,0.009483369381,0.252864626,0.000169143,0.730254698,0.297751838,0.000314575,0.756878567,A
cg13386351,-3.505558288,-2.030434781,1.475123507,-3.365446029,0.1401122586,-3.396643093,0.1089151946,0.000051376,0.769742262,0.034355145,0.000159746,0.781524031,0.049902729,A
cg13401071,1.521341885,1.635425806,0.1140839206,2.091601964,0.5702600786,1.765183011,0.2438411257,0.007074074,0,0.000000112,0.013280574,0,0.000000569,A
cg13441058,0.7439064884,1.723275236,0.9793687476,1.982526646,1.238620157,1.024474354,0.2805678653,0,0,0.000023537,0.000000001,0,0.000073185,A
cg13447099,1.215325745,1.910197927,0.6948721811,2.426622938,1.211297193,1.983223306,0.7678975608,0.000000001,0,0,0.000000005,0,0,A
cg13466809,0.6726405969,1.271237759,0.5985971626,1.660826614,0.9881860167,1.333542088,0.6609014911,0.000002116,0,0,0.000008592,0,0,A
cg13480619,-3.416674758,-3.436844263,-0.02016950534,-3.440720277,-0.02404551975,-3.455153243,-0.03847848509,0.709645447,0.758908507,0.481996373,0.735517937,0.774475861,0.527018013,A
cg13512830,-2.42203516,-2.142387196,0.2796479635,-2.468400723,-0.04636556329,-2.05501034,0.3670248194,0.108640319,0.553038645,0.000010282,0.139480151,0.586002993,0.000033541,A
cg13751113,1.430138313,0.9646165515,-0.4655217619,1.592162883,0.1620245697,0.6450820712,-0.7850562422,0.001449411,0.134886855,0,0.003101429,0.156060955,0.000000001,A
cg13792460,-3.614471087,-3.71595136,-0.1014802729,-3.640613753,-0.02614266583,-3.682275415,-0.06780432768,0.328707044,0.554799927,0.144414484,0.369563287,0.586002993,0.176309707,A
cg13819586,-2.309526449,-2.448141153,-0.1386147039,-2.522316014,-0.2127895654,-2.601874281,-0.2923478325,0.496101082,0.001541523,0.000060055,0.536544105,0.002378008,0.000175749,A
cg13931277,1.696755479,1.564042527,-0.1327129524,2.108318184,0.4115627049,1.926565673,0.2298101942,0.047818497,0,0.000006759,0.068955658,0,0.000022832,A
cg14008571,3.096855542,2.61941003,-0.4774455119,3.094003614,-0.002851928056,2.961128485,-0.1357270573,0.021945762,0.121756411,0.477714326,0.035219408,0.142526623,0.525221828,A
cg14009729,3.46481699,3.156733555,-0.3080834354,3.696626398,0.2318094075,3.531828538,0.06701154795,0.397364953,0.0000606,0.015719733,0.441763272,0.0001194,0.024539459,A
cg14221264,-3.35583294,-3.107281484,0.2485514557,-3.112715119,0.2431178207,-3.174608293,0.181224647,0.000077199,0.000000001,0.000175815,0.000229291,0.000000002,0.000460357,A
cg14260002,1.793689524,1.579962978,-0.2137265454,1.596538896,-0.1971506278,1.571393233,-0.2222962911,0.1414746,0.000000251,0.002508455,0.1737867,0.000000616,0.004942402,A
cg14400120,2.228626733,2.082291356,-0.1463353772,2.138419023,-0.09020770963,2.157261021,-0.07136571202,0.040958474,0.000935855,0.07787563,0.060375825,0.001539133,0.100631496,A
cg14430886,-3.748550711,-3.756873242,-0.008322530762,-3.735187694,0.01336301688,-3.731947425,0.0166032863,0.736588469,0.606413223,0.569885499,0.759487592,0.631812729,0.606455692,A
cg14477263,4.454375667,4.279066923,-0.1753087434,4.305997213,-0.1483784538,4.355557823,-0.09881784324,0.009336991,0.000287201,0.0493909,0.016298782,0.000514011,0.068732791,A
cg14692453,2.602611614,2.155109904,-0.4475017105,2.653219781,0.05060816624,2.353615351,-0.2489962636,0.01567962,0.001506786,0.136443933,0.025575773,0.002361027,0.168648091,A
cg14963534,-4.137096489,-4.049634453,0.08746203578,-3.980534008,0.1565624808,-4.080782328,0.05631416126,0.063824547,0.000000255,0.006484896,0.090078616,0.000000619,0.01152227,A
cg15526941,-0.718067378,-0.2479265853,0.4701407927,-1.068006185,-0.3499388067,-0.6505292124,0.0675381656,0.000051376,0,0.002069753,0.000159746,0,0.00418386,A
cg15760709,4.331273768,4.21866075,-0.1126130179,4.292484461,-0.03878930641,4.198255425,-0.1330183432,0.005886983,0.261379492,0.024648309,0.01137388,0.293867339,0.036879801,A
cg15837119,-3.967661386,-3.960029428,0.007631958464,-3.934430012,0.03323137429,-3.994752238,-0.02709085146,0.834200542,0.625127966,0.498620815,0.851312348,0.64791909,0.539269251,A
cg15891644,4.174039502,4.013404896,-0.1606346064,4.071235833,-0.1028036688,4.090181515,-0.08385798708,0.000011544,0.000007289,0.000145306,0.000042541,0.000015431,0.000385545,A
cg15901804,-2.276511574,-2.383055584,-0.1065440098,-2.371785445,-0.09527387023,-2.346269872,-0.0697582979,0.117063247,0.000794773,0.053972436,0.148379529,0.001317998,0.073565169,A
cg15978017,0.514606972,0.6047860307,0.09017905867,1.529949665,1.015342693,0.9036201699,0.3890131979,0.008474661,0,0.000000006,0.015057657,0,0.000000039,A
cg16275967,-2.640567689,-2.740176652,-0.09960896285,-2.741797209,-0.1012295193,-2.724891226,-0.08432353689,0.286899431,0.032487371,0.356231543,0.331935969,0.041980434,0.402784528,A
cg16449402,-0.423338691,0.1446553164,0.5679940074,0.1989367392,0.6222754302,-0.08422986279,0.3391088282,0.00000049,0,0,0.000002077,0,0.000000001,A
cg16682276,-2.392422506,-1.004151525,1.388270982,-2.411565624,-0.01914311746,-1.850751719,0.5416707878,0.000426631,0.597624261,0.000001828,0.001061245,0.625932779,0.000006862,A
cg17029168,-2.264375726,-0.7636796175,1.500696109,-2.279308327,-0.01493260082,-2.236328854,0.02804687248,0,0.000044324,0.002081418,0.000000001,0.000090005,0.00418386,A
cg17095731,0.678591685,1.327147123,0.648555438,1.435328895,0.7567372098,1.120465673,0.4418739883,0,0,0.000000011,0.000000003,0,0.000000068,A
cg17155907,-4.386588465,-4.357180017,0.02940844759,-4.381100896,0.005487569385,-4.410339607,-0.02375114228,0.073505358,0.03545271,0.321012789,0.102290673,0.045224931,0.367135316,A
cg17410394,2.187822295,2.040278707,-0.1475435879,2.422932526,0.2351102313,2.276342127,0.08851983184,0.073505358,0,0.000278265,0.102290673,0,0.000683638,A
cg17944110,-2.737030802,-2.801411554,-0.06438075264,-2.829468664,-0.09243786202,-2.750494913,-0.01346411113,0.473878147,0.01390647,0.169762769,0.515310116,0.01895471,0.203510789,A
cg17966071,2.324929808,2.293325652,-0.03160415554,2.578526167,0.2535963597,2.367498787,0.04256897913,0.649224958,0.000000007,0.028618174,0.679977719,0.00000002,0.042185309,A
cg18268988,-2.218831843,-1.973522134,0.2453097095,-2.154876455,0.06395538897,-1.948960954,0.2698708892,0.117063247,0.450599021,0.000278265,0.148379529,0.498162251,0.000683638,A
cg18313083,3.00424539,2.810450066,-0.1937953241,2.787912085,-0.2163333052,2.785572317,-0.2186730736,0.000930614,0.000000012,0.000000914,0.002099173,0.000000033,0.000003498,A
cg18446690,-3.981075028,-3.11547788,0.8655971478,-4.112138627,-0.1310635992,-4.115819058,-0.1347440298,0.132965106,0.082461717,0.043249568,0.165375351,0.099453829,0.06104017,A
cg18509826,-3.904049087,-3.520546233,0.3835028541,-3.456707474,0.447341613,-3.565264877,0.3387842101,0.000841313,0,0.000000015,0.001924383,0,0.000000088,A
cg18587504,-1.427775589,-0.2954657299,1.13230986,-1.627167333,-0.1993917434,-1.358580765,0.06919482464,0,0.000000832,0.083117958,0.000000003,0.000001957,0.106712734,A
cg18718647,0.6444680363,0.5969198136,-0.04754822274,0.8385629417,0.1940949054,0.2276045615,-0.4168634748,0.538842645,0.001569678,0.0000001,0.57650369,0.002402814,0.000000527,A
cg18954051,2.972789939,2.695103845,-0.2776860936,2.796227824,-0.1765621153,2.808855935,-0.1639340035,0.000673353,0.000156698,0.000037853,0.001614424,0.000294178,0.000112429,A
cg19039586,-1.54412285,-0.968804994,0.5753178562,-2.20830208,-0.6641792295,-1.946580071,-0.4024572205,0.008466607,0,0.000000101,0.015057657,0,0.000000527,A
cg19224278,-0.8686019662,0.1466173034,1.01521927,-1.596623372,-0.7280214059,-0.9572847692,-0.08868280306,0.00000049,0,0.009226179,0.000002077,0,0.015559403,A
cg19310162,0.7222053302,1.429034163,0.7068288327,1.825328725,1.103123395,0.9919946318,0.2697893016,0,0,0,0,0,0,A
cg19380499,-2.189656207,-1.05522759,1.134428617,-2.966581272,-0.7769250652,-2.038170005,0.1514862016,0.000009622,0.000000003,0.063881522,0.000036823,0.000000008,0.083634361,A
cg19394857,-3.792010904,-3.78095611,0.01105479378,-3.809082514,-0.01707160955,-3.746051522,0.04595938229,0.781426058,0.739550902,0.454461724,0.801565905,0.758611492,0.505239571,A
cg19744952,-3.151932741,-2.310396067,0.8415366739,-2.956563108,0.1953696334,-3.011352568,0.1405801735,0.000000132,0.000289292,0.002069753,0.000000654,0.000514011,0.00418386,A
cg19878597,-4.033044856,-3.407758683,0.6252861726,-4.232615215,-0.1995703594,-4.181482217,-0.1484373615,0.473878147,0.032873227,0.189401196,0.515310116,0.042204982,0.22569364,A
cg19979750,-0.1833156941,0.9121154006,1.095431095,0.7048912011,0.8882068952,0.4839249143,0.6672406084,0,0,0,0.000000001,0,0.000000001,A
cg20073320,1.437119535,3.678903426,2.241783891,1.33129129,-0.105828245,2.595836918,1.158717383,0,0.000391735,0.000000029,0,0.000660958,0.000000169,A
cg20210151,2.823814515,2.562401997,-0.2614125184,2.643361875,-0.1804526403,2.529790994,-0.2940235216,0.000063853,0.000004014,0.000002434,0.000195488,0.000008589,0.00000897,A
cg20370909,1.623841215,1.651887105,0.02804588929,2.725034683,1.101193468,1.763927909,0.1400866935,0.007773347,0,0.024648309,0.014191707,0,0.036879801,A
cg20640374,0.9869068246,2.373733901,1.386827076,3.081394934,2.094488109,2.517348186,1.530441362,0,0,0,0,0,0,A
cg20695611,2.14931352,2.30094027,0.1516267494,2.36013754,0.21082402,1.746344793,-0.4029687275,0.047221385,0.000190887,0.036659005,0.068955658,0.000351727,0.052863348,A
cg20737382,-1.498327409,-0.1893556386,1.30897177,-0.7955201852,0.7028072239,-1.627698844,-0.1293714351,0.000000023,0,0.000800343,0.000000122,0,0.001750201,A
cg20800117,1.280125254,1.253334165,-0.02679108873,2.284588462,1.004463208,1.289955722,0.009830468207,0.021945762,0,0.061878635,0.035219408,0,0.082092323,A
cg20827077,0.6692073205,1.655334273,0.9861269522,2.232320527,1.563113207,1.368575187,0.699367866,0,0,0.000000006,0.000000002,0,0.000000039,A
cg20853361,1.420848509,1.576376101,0.1555275923,1.903730045,0.4828815364,1.935958165,0.5151096564,0.004006224,0,0.000000006,0.007893452,0,0.000000039,A
cg20873136,0.9188847816,0.9860239743,0.06713919264,1.224564343,0.3056795612,0.4506506587,-0.4682341229,0.213779445,0.000000836,0.000000074,0.253226843,0.000001957,0.000000409,A
cg20902975,0.3619630347,0.07682136579,-0.2851416689,0.4982196712,0.1362566365,-0.04024024891,-0.4022032836,0.000185639,0.000391925,0.000000006,0.000486081,0.000660958,0.000000039,A
cg21669326,0.01356836507,-1.380524567,-1.394092932,-1.285533441,-1.299101806,-1.325773534,-1.339341899,0.000000002,0,0,0.000000013,0,0,A
cg21725888,-1.421876928,0.07398439078,1.495861318,-0.2692004843,1.152676443,-1.233884018,0.1879929097,0,0,0.002069753,0,0,0.00418386,A
cg21794767,2.011018306,1.921190549,-0.08982775768,2.822326533,0.8113082265,2.267217812,0.256199506,0.213779445,0,0.000000783,0.253226843,0,0.000003054,A
cg21798447,-3.994313842,-3.806924589,0.1873892533,-3.915360072,0.07895377062,-3.932856225,0.06145761715,0.003630474,0.016704197,0.011220358,0.007224644,0.022613165,0.018607093,A
cg21917084,-2.331948613,-1.423830829,0.9081177842,-2.41648596,-0.08453734717,-2.289154458,0.0427941543,0.000426631,0.000000836,0.015719733,0.001061245,0.000001957,0.024539459,A
cg21949518,-3.686367511,-3.600968296,0.08539921481,-3.579861079,0.1065064317,-3.631558794,0.05480871625,0.063824547,0.000063006,0.006281596,0.090078616,0.000122923,0.0112616,A
cg22060087,2.618132317,2.732072111,0.1139397935,2.788972653,0.170840336,2.510757982,-0.1073743355,0.030335913,0.000520926,0.718636667,0.046797261,0.000871128,0.752677351,A
cg22170177,-2.584703487,-2.397937881,0.186765606,-2.731082238,-0.1463787515,-2.418902047,0.16580144,0.032128174,0.008719292,0.006883955,0.048805393,0.01239385,0.012123071,A
cg22272277,-3.780228118,-2.579549374,1.200678744,-3.698979432,0.08124868546,-3.70681796,0.07341015763,0.002681828,0.525316667,0.754682394,0.005445753,0.565070361,0.774132971,A
cg22273804,0.8559567659,0.3948225524,-0.4611342135,2.396111037,1.540154272,1.76271621,0.9067594445,0.000019873,0,0,0.000067031,0,0,A
cg22318878,2.791577371,2.709484773,-0.08209259796,3.03863289,0.2470555194,2.736104272,-0.05547309884,0.264938585,0,0.130212365,0.310133991,0.000000001,0.161951629,A
cg22327527,0.8950038488,1.191643297,0.2966394479,1.546171536,0.6511676869,1.272437501,0.377433652,0.000185639,0,0.000000054,0.000486081,0,0.000000309,A
cg22450733,2.160471061,2.184000825,0.02352976427,2.266227903,0.1057568425,2.23731327,0.07684220968,0.621558003,0.012849651,0.059554143,0.65444467,0.017757504,0.079538755,A
cg22650458,0.2519621322,0.9529677483,0.701005616,1.259318342,1.007356209,0.1500182558,-0.1019438764,0,0,0.000436212,0.000000001,0,0.001033407,A
cg22745471,3.209221004,3.092108824,-0.1171121805,3.173456035,-0.03576496944,3.122749824,-0.08647118057,0.581721113,0.052151875,0.025976235,0.61905081,0.065684957,0.038576647,A
cg22876356,0.9877529921,0.5119075016,-0.4758454905,-0.1710591111,-1.158812103,0.4918130156,-0.4959399765,0.000023094,0,0.000003085,0.000076594,0,0.000011161,A
cg22967016,-2.395131734,-1.40134038,0.9937913533,-2.494308023,-0.09917628922,-2.347677062,0.04745467205,0.000019873,0.001525727,0.278080935,0.000067031,0.002372029,0.321733175,A
cg23054032,-3.205643806,-3.230368996,-0.02472518999,-3.185519432,0.02012437415,-3.196024382,0.00961942463,0.941913144,0.544229243,0.881147686,0.951475714,0.58226677,0.89463464,A
cg23175583,-3.044516551,-2.505961605,0.5385549459,-3.335142731,-0.2906261802,-3.004889363,0.03962718762,0.275494762,0.46783787,0.375733226,0.320605016,0.514363183,0.422434531,A
cg23436746,1.3564038,1.33643116,-0.01997264035,1.827979133,0.4715753328,1.515280768,0.1588769673,0.000185639,0,0.000145306,0.000486081,0,0.000385545,A
cg23654112,-1.241777601,-0.5329589473,0.7088186536,-1.158188905,0.08358869575,-0.986589954,0.2551876469,0,0.001205374,0.000000443,0.000000001,0.001950157,0.000001874,A
cg23738681,2.452563105,2.249444249,-0.2031188562,2.435458573,-0.01710453223,2.405674379,-0.04688872599,0.000086584,0.025413461,0.005023457,0.000249712,0.033491913,0.009256185,A
cg24539517,-0.7028788584,0.292798395,0.9956772533,0.5080348517,1.21091371,-0.3138463303,0.3890325281,0,0,0,0,0,0,A
cg24678767,0.5496838438,0.6464296218,0.09674577803,1.194454094,0.6447702501,0.7749312945,0.2252474507,0.000938826,0,0.000000136,0.002099173,0,0.000000677,A
cg24700929,1.415625666,0.08305239765,-1.332573268,1.518091644,0.1024659786,0.9624223285,-0.4532033372,0,0.000000165,0.00000044,0,0.000000417,0.000001874,A
cg24848349,-2.358078454,-2.554927208,-0.1968487548,-2.696420219,-0.3383417651,-2.624380905,-0.2663024511,0.00053673,0,0.000000306,0.001302551,0,0.000001452,A
cg24873202,0.9906616252,1.197573733,0.2069121076,1.692953705,0.7022920796,1.492790384,0.5021287585,0.00053673,0,0,0.001302551,0,0.000000001,A
cg24964350,2.880425788,2.642196387,-0.2382294012,2.023289577,-0.8571362118,2.274757015,-0.6056687738,0.09020571,0,0.000108597,0.12129011,0,0.000296039,A
cg25133016,-2.071175793,-2.186986375,-0.1158105819,-2.737810538,-0.6666347449,-2.238257969,-0.1670821766,0.014467767,0,0.007986279,0.024193997,0,0.013819735,A
cg25295726,-2.044096467,-2.128278405,-0.08418193767,-2.173163621,-0.1290671533,-2.168708144,-0.1246116771,0.170034973,0.038614518,0.004249917,0.206322925,0.048944516,0.007978617,A
cg25304860,-2.879296448,-2.974246603,-0.0949501548,-2.873586068,0.005710380357,-2.913933169,-0.03463672133,0.039060012,0.509751633,0.164476865,0.058007033,0.554320082,0.198369067,A
cg25430849,-4.076352974,-4.060872367,0.01548060691,-4.103337349,-0.02698437425,-4.143654313,-0.06730133833,0.007074074,0.054986515,0.730254698,0.013280574,0.0688196,0.756878567,A
cg25443943,2.26720832,1.876798762,-0.3904095585,1.834818502,-0.432389818,1.203627715,-1.063580606,0.09020571,0.004310534,0,0.12129011,0.006354046,0,A
cg25474507,-3.4938318,-3.269452192,0.2243796081,-3.377961445,0.1158703548,-3.427391163,0.06644063695,0.003249354,0.000091725,0.008690989,0.00653153,0.000175512,0.014782109,A
cg25536171,1.234625886,-0.1861056392,-1.420731525,0.5463251938,-0.6883006923,0.4642203029,-0.7704055832,0.000000016,0.000000005,0.000000002,0.000000084,0.000000014,0.000000017,A
cg25769469,2.571284889,1.072328176,-1.498956714,2.242290988,-0.3289939016,1.2604165,-1.31086839,0.00000114,0.000018595,0,0.000004725,0.000038952,0,A
cg25814293,0.7716958953,2.507008684,1.735312788,2.765950026,1.994254131,1.834006166,1.062310271,0,0,0,0,0,0,A
cg25935985,0.2988404328,0.3892860774,0.09044564457,0.5530731899,0.2542327571,0.110586274,-0.1882541589,0.023774642,0.000000251,0.000006769,0.036962139,0.000000616,0.000022832,A
cg25975712,-3.762673124,-2.724319138,1.038353987,-3.622752856,0.1399202687,-3.494938743,0.2677343818,0.001297118,0.68681549,0.00112526,0.002836556,0.708167267,0.002433986,A
cg26034629,1.748826549,1.621090968,-0.1277355819,2.245453416,0.4966268665,1.742744312,-0.006082237297,0.023774642,0,0.107092182,0.036962139,0,0.134881926,A
cg26481739,2.064898657,2.35206028,0.2871616231,2.545765735,0.4808670782,2.468064937,0.4031662801,0.000750997,0,0.000006637,0.001739213,0,0.000022832,A
cg26686647,0.4348676698,1.506898692,1.072031022,1.514448329,1.079580659,1.266876576,0.8320089065,0,0,0,0,0,0,A
cg26993213,4.106594366,3.960707987,-0.1458863789,4.015740969,-0.09085339701,3.975539167,-0.1310551997,0.047818497,0.001380548,0.000621489,0.068955658,0.002197833,0.001421567,A
cg27449975,2.91166648,2.874207908,-0.03745857197,2.895308234,-0.0163582453,2.915802341,0.00413586159,0.3112244,0.930405729,0.915698973,0.351895771,0.935104748,0.920323716,A
cg27489873,1.883360259,1.591929428,-0.2914308307,2.05582763,0.1724673708,1.559995919,-0.3233643404,0.007556575,0.008041141,0.000084739,0.01392369,0.011512137,0.00023421,A
cg27582625,-2.955856309,-1.808698934,1.147157375,-3.101764126,-0.1459078162,-3.062804324,-0.1069480151,0.000426631,0.00035719,0.159854239,0.001061245,0.000612765,0.193969473,A
cg00334820,-4.105695889,-4.044809436,0.06088645328,-4.072138515,0.0335573736,-4.101750157,0.003945731751,0.433611696,0.646103258,0.817655882,0.502076701,0.69097154,0.845093999,B
cg00418469,-3.378824007,-3.216559773,0.1622642335,-3.321291333,0.05753267412,-3.32924176,0.04958224671,0.004004136,0.052805664,0.127081152,0.007170197,0.068336741,0.179545847,B
cg00549040,2.477060231,1.543557058,-0.9335031738,1.939865854,-0.5371943775,1.803566162,-0.6734940693,0.000000003,0.000034677,0.000106636,0.000000017,0.000079706,0.000414015,B
cg00709652,0.6532327747,0.2972136412,-0.3560191334,0.2199842131,-0.4332485616,0.02510557101,-0.6281272036,0.004004136,0.000000055,0.000009837,0.007170197,0.000000174,0.000054106,B
cg00764470,-2.919376389,-2.958410766,-0.03903437734,-2.987195169,-0.06781877975,-2.922589342,-0.003212953088,0.277015406,0.013521961,0.937943003,0.328156712,0.020022904,0.944073349,B
cg00771346,2.107684273,2.139052523,0.03136824973,2.150364247,0.04267997353,2.109001785,0.001317512019,0.82245288,0.184176391,0.344810802,0.855795564,0.218178186,0.396275101,B
cg01130364,-1.888933776,-0.6496678335,1.239265942,-2.04890394,-0.1599701642,-1.965711381,-0.07677760483,0.000000005,0.001032892,0.285881571,0.000000021,0.00196377,0.343951265,B
cg01698392,1.585185602,1.709124215,0.1239386136,1.907237627,0.3220520256,1.032813401,-0.5523722006,0.01836818,0.000010376,0.000000098,0.028006928,0.000025363,0.00000079,B
cg01718788,-3.041234854,-2.638466309,0.4027685457,-2.799182359,0.2420524949,-2.955388844,0.08584601039,0.000069333,0.000001334,0.156174161,0.000184092,0.000003542,0.210972112,B
cg01940657,0.8223327456,1.741319336,0.91898659,2.326342087,1.504009341,1.402682856,0.58035011,0,0,0.000000002,0,0,0.000000033,B
cg02108015,0.8015220001,1.648984207,0.8474622071,2.114381773,1.312859773,1.130053387,0.3285313874,0,0,0.000001353,0,0,0.000009056,B
cg02331673,0.6498419526,1.85792099,1.208079037,1.487983489,0.8381415365,0.88940182,0.2395598674,0,0,0.000014904,0,0,0.000076509,B
cg02642979,1.90646495,1.519186394,-0.3872785561,2.102551559,0.1960866082,1.297259871,-0.6092050791,0.00707412,0.00000018,0.000027782,0.012240612,0.000000524,0.00012965,B
cg02752037,-0.4026253202,-0.5513500791,-0.148724759,-1.947051071,-1.544425751,-0.8806520132,-0.478026693,0.00015976,0,0.000000002,0.000396824,0,0.000000033,B
cg02756106,-2.539633812,-2.387447595,0.1521862171,-2.674706618,-0.1350728062,-2.565329771,-0.02569595927,0.889336143,0.00647163,0.641072404,0.907005073,0.010381572,0.671599662,B
cg02958133,-4.13170358,-4.043231829,0.08847175129,-4.139906262,-0.00820268203,-4.096963277,0.03474030307,0.016117805,0.006331457,0.084826508,0.024821419,0.010263626,0.134673012,B
cg03085785,2.416407133,2.147221013,-0.2691861206,2.360332518,-0.0560746154,2.187205221,-0.2292019124,0.049573951,0.817155832,0.03666665,0.068164182,0.844577169,0.062740713,B
cg03435277,3.87451858,3.743334851,-0.1311837295,3.73320997,-0.14130861,3.779791225,-0.09472735548,0.00930945,0.000041766,0.056248365,0.015251652,0.000094587,0.094154872,B
cg03883228,-1.905210245,-0.09426160698,1.810948638,-1.723401593,0.1818086523,-1.881082687,0.02412755817,0,0.000956637,0.218943863,0,0.001864837,0.269738839,B
cg04009254,-3.97899136,-3.857719165,0.1212721943,-3.875998578,0.1029927821,-3.894852585,0.08413877426,0.021501038,0.000523056,0.007462173,0.032462352,0.001059876,0.015742118,B
cg04191300,-0.1331504737,1.580788079,1.713938553,0.8213068922,0.9544573659,-0.03102559076,0.1021248829,0,0,0.000267918,0,0,0.000959521,B
cg04312358,-0.8834218594,-1.804150882,-0.9207290227,-1.623785861,-0.7403640011,-2.221991485,-1.338569625,0.000026603,0,0.000000001,0.000077298,0,0.000000029,B
cg04384181,-4.090080122,-4.025728433,0.06435168884,-4.071208848,0.01887127333,-4.067695359,0.02238476286,0.006951726,0.266023331,0.539196817,0.012165521,0.310360553,0.584762745,B
cg04524321,-3.966385472,-3.922206287,0.04417918545,-3.955832237,0.01055323528,-3.985496591,-0.01911111865,0.58252146,0.845097362,0.837919503,0.645383489,0.867633292,0.860264023,B
cg04724807,1.869159913,0.6296722925,-1.239487621,1.776765835,-0.09239407841,1.113069619,-0.756090294,0.000000521,0.029469914,0.000072906,0.000001822,0.039810235,0.000303447,B
cg05091796,-2.816403359,-2.867626252,-0.05122289233,-2.838563921,-0.02216056209,-2.914045405,-0.09764204566,0.236014079,0.75732016,0.141274136,0.288461653,0.788022328,0.194251938,B
cg05335886,-2.566690104,-0.8082787732,1.758411331,-2.773646704,-0.2069566007,-2.66228771,-0.09559760601,0.000000043,0,0.083742264,0.000000166,0.000000001,0.134336549,B
cg05657564,3.052958227,2.998501575,-0.05445665232,3.009006204,-0.04395202308,2.977461227,-0.07549699974,0.182177829,0.002152292,0.003320075,0.224443085,0.003959982,0.007746843,B
cg05792273,1.907572453,1.897411851,-0.01016060201,1.957753874,0.05018142186,1.868562425,-0.03901002706,0.566764145,0.165469315,0.557397325,0.632475929,0.200647831,0.5919944,B
cg05959980,1.80444037,1.388109195,-0.4163311742,2.173017334,0.3685769645,1.715781164,-0.08865920549,0.000405267,0,0.218943863,0.000945623,0,0.269738839,B
cg06096916,3.241892039,3.014876188,-0.227015851,3.106762493,-0.1351295455,2.964371736,-0.2775203026,0.012502339,0.018202893,0.000330803,0.020055836,0.025955977,0.001157809,B
cg06156502,2.154269371,2.144930996,-0.009338375096,2.22454475,0.07027537942,2.229069094,0.07479972259,0.527448556,0.00290305,0.203886884,0.597257923,0.005138733,0.259492398,B
cg06679563,2.920585389,2.633431497,-0.2871538925,2.508015052,-0.4125703376,2.484301636,-0.4362837531,0.00075052,0,0.000000002,0.001561892,0,0.000000033,B
cg06730723,-2.061290711,-1.704274178,0.3570165328,-2.223213852,-0.1619231406,-2.007331463,0.05395924778,0.013890065,0.000000068,0.113665914,0.021606767,0.00000021,0.168312988,B
cg06852605,4.360766997,4.330279789,-0.030487208,4.396925347,0.03615835041,4.191458431,-0.1693085661,0.873527235,0.948763291,0.298959964,0.896821294,0.954964358,0.356897941,B
cg06962867,1.511821467,1.305560947,-0.2062605207,2.364285991,0.8524645234,1.569346483,0.05752501539,0.028869999,0,0.009192936,0.042749806,0,0.018627791,B
cg07141452,2.427525955,2.369663909,-0.05786204588,2.432699752,0.005173796947,2.323089801,-0.1044361538,0.920837495,0.447456645,0.411687877,0.926856041,0.499335676,0.456114626,B
cg07177395,0.3369272478,0.3580011632,0.0210739154,0.9754189227,0.6384916749,-0.09675333443,-0.4336805823,0.003604374,0,0.000009837,0.00660802,0,0.000054106,B
cg07314391,-2.598844666,-2.609666369,-0.01082170332,-2.631948118,-0.03310345214,-2.682277893,-0.08343322723,0.907573202,0.013828725,0.208433375,0.919514955,0.02028213,0.263104424,B
cg07482916,0.4355690682,1.562318311,1.126749243,1.979145533,1.543576464,0.8383753485,0.4028062803,0,0,0.000003303,0,0,0.000021193,B
cg07532353,-1.33742933,2.687668631,4.025097961,0.5396664796,1.87709581,0.4551287628,1.792558093,0,0.000000001,0.000000251,0,0.000000003,0.000001933,B
cg07598324,2.673287675,2.416535097,-0.2567525781,2.603444567,-0.06984310752,2.465186717,-0.2081009578,0.000195237,0.004043091,0.000506255,0.000477246,0.006918178,0.001591087,B
cg07895186,-0.5995041309,-0.6276463222,-0.02814219133,-0.6374290145,-0.03792488363,-0.6231936852,-0.02368955434,0.173333405,0.032380491,0.168305489,0.215268906,0.042620475,0.221530302,B
cg08048831,2.804902425,2.730802518,-0.07409990752,2.790362545,-0.01453988025,2.539864336,-0.2650380899,0.816108472,0.68399924,0.029309834,0.854970781,0.726454366,0.053102523,B
cg08298644,1.100598909,0.7035956943,-0.3970032144,1.554810352,0.4542114432,0.897218975,-0.2033799338,0.000216468,0,0.013760087,0.000520876,0,0.026161153,B
cg08303370,-2.728220227,-2.859595737,-0.1313755091,-2.93024584,-0.2020256122,-2.836952972,-0.1087327441,0.001220543,0,0.000948899,0.002379287,0,0.002656916,B
cg08330217,1.860593211,-0.272455971,-2.133049182,1.317197713,-0.5433954988,0.6489835469,-1.211609664,0,0.00004569,0,0,0.000099101,0.000000007,B
cg08528735,-1.178158224,-1.599662143,-0.4215039193,-1.729656966,-0.551498742,-1.666586321,-0.4884280977,0.000000014,0,0,0.000000062,0,0.000000005,B
cg08773180,1.635791128,1.283557226,-0.352233902,1.872588744,0.2367976165,1.430105593,-0.205685535,0.008856736,0,0.009192936,0.014825406,0,0.018627791,B
cg09035079,1.310441059,1.427590242,0.1171491833,2.178204673,0.8677636141,1.516154748,0.2057136888,0.00930945,0,0.000459384,0.015251652,0,0.001473857,B
cg09101767,2.086326615,2.720126346,0.6337997309,2.882865871,0.7965392559,2.290086021,0.203759406,0.000000018,0,0.001938579,0.000000076,0,0.004975685,B
cg09129976,2.745302068,2.576935092,-0.1683669759,2.813799708,0.06849764052,2.673251856,-0.07205021233,0.635694899,0.07933911,0.381103981,0.684594506,0.099335146,0.430718807,B
cg09182900,2.655201655,2.486260104,-0.1689415503,2.616842705,-0.03835895023,2.547473411,-0.1077282436,0.002567759,0.162299933,0.097560854,0.004764276,0.198366585,0.150243716,B
cg09232068,-3.412207685,-3.397112527,0.0150951574,-3.405793268,0.006414416743,-3.398425396,0.01378228901,0.627796026,0.560010612,0.693308628,0.680849212,0.603088352,0.721415735,B
cg09604352,-3.491748307,-3.429804442,0.06194386468,-3.435698861,0.05604944647,-3.505808595,-0.01406028755,0.090642135,0.0032418,0.108946559,0.117301586,0.00567315,0.162890971,B
cg09624684,-2.436752529,-2.057137693,0.3796148363,-2.687195599,-0.2504430701,-2.364942432,0.07181009659,0.047849702,0.288026159,0.87502421,0.066386073,0.333503973,0.886537686,B
cg09889477,2.291169454,1.437333061,-0.8538363933,2.185939831,-0.1052296232,1.572293289,-0.7188761648,0.000638488,0.541634577,0.011859477,0.001365655,0.587406513,0.023118474,B
cg10168434,-2.948107735,-2.497181458,0.4509262765,-2.471747507,0.4763602279,-2.685787043,0.2623206919,0.002131046,0.000000244,0.000948899,0.004051619,0.000000682,0.002656916,B
cg10278149,1.611818821,1.953811338,0.3419925174,2.155438273,0.5436194517,1.404124717,-0.2076941038,0.000374872,0,0.008258847,0.000888159,0,0.017187331,B
cg10324701,4.156676385,2.520685953,-1.635990432,3.959379563,-0.1972968225,3.826019951,-0.3306564339,0.000000005,0.000085744,0.000000023,0.000000021,0.000180885,0.000000253,B
cg10448608,-0.06015090915,1.314507241,1.37465815,0.8563385354,0.9164894446,0.2309053833,0.2910562924,0,0,0.000107536,0,0,0.000414015,B
cg10553415,-1.822175379,-0.1178304894,1.70434489,-1.162387855,0.6597875236,-1.740191856,0.08198352298,0,0,0.032125775,0,0,0.056866315,B
cg10730291,2.548093893,2.609947503,0.06185361056,2.574241264,0.02614737069,2.509686551,-0.03840734225,0.161209026,0.906463341,0.557397325,0.201838943,0.91839049,0.5919944,B
cg10759648,1.173082759,-0.5711721718,-1.744254931,0.9043683502,-0.2687144088,0.3444300826,-0.8286526763,0,0.004836124,0.000000041,0,0.008184211,0.000000423,B
cg10940874,3.142177186,3.148481686,0.006304499755,3.161038091,0.01886090527,3.048693214,-0.09348397176,0.834832686,0.753446511,0.339123701,0.862847206,0.788022328,0.395644318,B
cg11034318,1.121815186,0.8935779954,-0.2282371907,1.560530155,0.4387149691,0.7026378589,-0.4191773271,0.001388241,0.000000009,0.000376852,0.002672365,0.000000028,0.001261634,B
cg11413751,-3.801749298,-3.772486675,0.02926262248,-3.760004622,0.04174467537,-3.789429302,0.01231999585,0.043849327,0.005126813,0.156174161,0.061389058,0.008489561,0.210972112,B
cg11459648,1.286384941,2.494196531,1.20781159,2.961144161,1.67475922,1.995896463,0.709511522,0.000000018,0,0.000119476,0.000000076,0,0.000448764,B
cg12446629,-0.6296063739,0.2088179447,0.8384243186,-0.417644828,0.2119615459,-0.8907499016,-0.2611435277,0.000000002,0.000013462,0.001435481,0.000000009,0.000032392,0.003746849,B
cg12598089,-1.18649183,-0.172489745,1.014002085,-0.8193946569,0.367097173,-1.394300832,-0.2078090018,0.000000002,0.000000005,0.001057426,0.000000009,0.000000016,0.002856906,B
cg12656815,1.809768532,1.634024359,-0.1757441724,2.103033888,0.2932653562,1.140487359,-0.6692811725,0.61993985,0.000703132,0.000000777,0.677097425,0.001406264,0.000005442,B
cg13157315,-1.851419957,-1.039631424,0.8117885332,-2.121549472,-0.2701295149,-1.904679477,-0.05325951989,0.0010705,0,0.065935224,0.002113552,0,0.108021537,B
cg13175786,2.073647764,1.225750736,-0.8478970274,2.419586691,0.3459389273,2.12138558,0.04773781589,0.000065104,0,0.017563616,0.000175894,0,0.032199963,B
cg13261306,2.113582648,0.85955013,-1.254032518,2.079736695,-0.03384595284,1.596300172,-0.5172824755,0,0.000030686,0.004605815,0.000000001,0.0000716,0.010132792,B
cg13289869,-1.561098587,-1.689177756,-0.1280791687,-2.121897308,-0.5607987206,-2.384102936,-0.8230043491,0.000013132,0,0,0.000041271,0,0,B
cg13511387,-3.969982219,-3.959026967,0.01095525208,-3.986825881,-0.01684366151,-3.975737068,-0.005754849339,0.433611696,0.709119707,0.952563313,0.502076701,0.747975582,0.952563313,B
cg13565575,-1.688694644,-0.3421637788,1.346530865,-1.962424455,-0.2737298111,-2.169974047,-0.4812794027,0,0,0.000000002,0,0,0.000000033,B
cg13667638,-2.054335478,-1.024748254,1.029587224,-2.038779766,0.01555571217,-1.955410262,0.09892521622,0.000000025,0.004969828,0.233687995,0.0000001,0.008319061,0.285618661,B
cg13798621,1.113738461,0.61194938,-0.5017890808,1.005725419,-0.1080130423,0.2641594384,-0.8495790225,0.00578357,0.055058214,0.000000088,0.010237584,0.070074091,0.00000079,B
cg14119350,-2.297180864,-1.286780452,1.010400412,-2.223846122,0.07333474219,-2.33535314,-0.03817227656,0.000035022,0.541634577,0.185539695,0.000099879,0.587406513,0.240110193,B
cg14173476,0.9324193403,2.60432814,1.6719088,2.765437749,1.833018409,1.785860554,0.8534412135,0,0,0,0,0,0.000000005,B
cg14427563,3.147327188,2.29049058,-0.8568366074,3.016240574,-0.1310866135,2.94353246,-0.2037947281,0.000063245,0.000479249,0.006754043,0.000173925,0.000984057,0.014446147,B
cg14812313,4.264126818,4.10077252,-0.1633542984,4.25204138,-0.01208543819,3.963201969,-0.3009248486,0.036061172,0.053358874,0.00634047,0.052889719,0.068477221,0.013752568,B
cg14825094,-2.888842432,-2.819190575,0.0696518576,-2.808314397,0.08052803472,-2.729903333,0.158939099,0.264520812,0.00752431,0.011297703,0.318251602,0.011704483,0.022305722,B
cg14837598,-0.6878089251,-0.4429657428,0.2448431823,-0.9562919167,-0.2684829916,-0.5596110431,0.1281978819,0.013890065,0.000000235,0.179676037,0.021606767,0.00000067,0.234492455,B
cg14841337,-2.928187766,-0.9985921537,1.929595612,-2.655392854,0.2727949119,-2.751598918,0.1765888477,0,0.022645489,0.532311969,0,0.031418066,0.581390377,B
cg14906304,3.627011316,2.631145144,-0.9958661721,3.499272112,-0.1277392043,3.389487406,-0.2375239106,0.000026603,0.000065653,0.000016599,0.000077298,0.000140424,0.000082461,B
cg15255086,-0.3860120658,-0.2315780923,0.1544339735,0.6039030757,0.9899151415,-0.6025016939,-0.2164896281,0.002255456,0,0.034972401,0.004235856,0,0.061201702,B
cg15471197,2.464900787,2.315500386,-0.1494004007,2.394412784,-0.07048800307,2.427983398,-0.03691738913,0.001069586,0.030809087,0.211606404,0.002113552,0.041257387,0.2649381,B
cg15595571,2.791374958,2.845991809,0.0546168514,2.757904564,-0.03347039399,2.738575803,-0.0527991548,0.277015406,0.167127047,0.127081152,0.328156712,0.201074729,0.179545847,B
cg15648792,0.6543837536,1.842325648,1.187941895,1.261223526,0.6068397722,0.9427362048,0.2883524512,0,0,0.001199306,0,0,0.003184364,B
cg15700022,1.751042809,1.756391,0.005348190634,1.964854386,0.2138115768,1.447072143,-0.3039706658,0.156477208,0.002551137,0.015908819,0.19752041,0.004622061,0.029517568,B
cg15771941,3.107101635,2.9152724,-0.1918292354,3.025136208,-0.08196542753,2.804565396,-0.3025362395,0.008693988,0.000726735,0.001011226,0.014712902,0.001434835,0.002780872,B
cg16105676,-1.996304856,-0.4794556178,1.516849238,-2.089476077,-0.09317122105,-2.028682078,-0.03237722178,0,0.00000972,0.03666665,0,0.000024143,0.062740713,B
cg16215362,2.100858786,2.958352273,0.857493487,2.892412599,0.7915538128,2.779743044,0.6788842578,0.000009002,0,0.000040347,0.000029496,0,0.000177529,B
cg16253142,-4.484372586,-4.37050251,0.1138700762,-4.406979839,0.07739274711,-4.412674643,0.07169794315,0.026559165,0.009013029,0.03958402,0.039709819,0.013742638,0.066988341,B
cg16394290,0.1355654312,0.9091006857,0.7735352545,1.225347483,1.089782052,0.2221719138,0.0866064826,0.000000001,0,0.004605815,0.000000003,0,0.010132792,B
cg16558358,-3.471443535,-3.228613021,0.2428305145,-3.354572248,0.1168712867,-3.402447443,0.06899609196,0.000553864,0.006614811,0.127081152,0.00125434,0.010501866,0.179545847,B
cg16680873,1.507774698,0.7705269258,-0.7372477722,1.455807077,-0.05196762121,1.026387678,-0.4813870196,0.000000343,0.022210532,0.004605815,0.000001258,0.03132538,0.010132792,B
cg16793150,-2.944371961,-2.970717329,-0.02634536761,-2.997259758,-0.05288779683,-2.954829388,-0.0104574264,0.511864688,0.155298696,0.853464079,0.583904904,0.191327994,0.870420319,B
cg16956007,2.31936795,2.312855783,-0.006512166415,2.342826504,0.02345855399,2.243872486,-0.075495464,0.777687814,0.356429979,0.068894598,0.825958092,0.409628483,0.11168177,B
cg17108819,-2.361038913,-0.8704294737,1.49060944,-2.484582201,-0.1235432873,-2.455611779,-0.09457286537,0.000000043,0.00004569,0.002603671,0.000000166,0.000099101,0.006364529,B
cg17794169,-4.233609264,-4.115345454,0.1182638094,-4.146922321,0.08668694264,-4.186120271,0.04748899301,0.000123244,0.000125283,0.130750024,0.000321689,0.000260725,0.183050033,B
cg17857870,1.516333092,2.091293769,0.5749606776,2.309943205,0.7936101133,1.918848369,0.4025152771,0,0,0.000000098,0,0,0.00000079,B
cg18052528,1.796863624,1.834583411,0.03771978666,2.302411366,0.5055477424,1.44877323,-0.3480903941,0.013346203,0.000000006,0.014456819,0.021188817,0.000000021,0.027150612,B
cg18207999,1.374746883,0.8263404479,-0.5484064354,1.331218946,-0.0435279369,0.2100578058,-1.164689078,0.00075052,0.023032683,0.000000008,0.001561892,0.031669939,0.000000098,B
cg18229396,1.282770032,-0.2181886019,-1.500958634,1.252985924,-0.02978410803,0.9258904786,-0.3568795532,0,0.014374818,0.002781093,0,0.02088417,0.006692005,B
cg19102713,3.629336142,2.707823204,-0.9215129382,3.422329712,-0.2070064305,3.45802532,-0.1713108223,0.000016951,0.000000892,0.011297703,0.000051184,0.000002411,0.022305722,B
cg19360930,1.965317557,1.104002683,-0.8613148741,2.903712926,0.9383953693,1.735356982,-0.2299605753,0.00015976,0,0.000459384,0.000396824,0,0.001473857,B
cg19513282,2.986668674,2.932358598,-0.05431007599,3.066225775,0.07955710163,2.925429583,-0.06123909116,0.241945144,0.010299552,0.449431028,0.293382301,0.01539933,0.49437413,B
cg19620972,3.838304653,3.628635383,-0.2096692705,3.719299719,-0.1190049338,3.747187891,-0.09111676219,0.042198229,0.002732149,0.141274136,0.060171549,0.004892452,0.194251938,B
cg19809052,2.90052936,2.720970818,-0.1795585424,3.013296376,0.1127670151,2.700744723,-0.1997846376,0.412170554,0.014896686,0.395278858,0.484536377,0.02144009,0.441108291,B
cg19878076,1.261104971,0.9142288508,-0.3468761203,1.403074669,0.1419696985,0.8032218824,-0.4578830886,0.000841822,0.000000173,0.000875203,0.001728542,0.000000522,0.002591947,B
cg19993573,3.87528633,2.175919327,-1.699367003,3.862151177,-0.01313515282,3.568383428,-0.3069029013,0.00000398,0.186859513,0.000635495,0.000013324,0.219666908,0.001957326,B
cg20283498,0.9318038921,0.7515780349,-0.1802258572,1.113056784,0.181252892,0.5688562913,-0.3629476008,0.096789087,0.000002794,0.000027782,0.124212662,0.000007292,0.00012965,B
cg20377030,-2.50325034,-2.265734113,0.237516226,-2.542170841,-0.03892050175,-2.429656286,0.07359405391,0.504990728,0.37404983,0.102990964,0.580362478,0.426693881,0.157035727,B
cg20561320,2.912049859,2.674321293,-0.2377285662,2.71365141,-0.1983984493,2.628535426,-0.2835144328,0.007849729,0.000003724,0.002088369,0.013431758,0.000009559,0.005272275,B
cg20844545,-4.052956387,-3.688432627,0.3645237604,-4.073049619,-0.02009323153,-4.040167274,0.01278911367,0.039584616,0.899172278,0.550425244,0.057509725,0.917036628,0.5919944,B
cg20844861,-2.139159376,-1.84996969,0.2891896867,-2.375860114,-0.2367007378,-2.386521484,-0.2473621076,0.000636107,0.090085319,0.318969606,0.001365655,0.111880154,0.377856302,B
cg20908614,-3.080684186,-3.116489832,-0.03580564659,-3.174452667,-0.0937684809,-3.154374157,-0.07368997152,0.566764145,0.001032892,0.127081152,0.632475929,0.00196377,0.179545847,B
cg20919680,-4.304134017,-4.246932595,0.05720142208,-4.328323171,-0.02418915349,-4.351628643,-0.04749462582,0.079013256,0.466712833,0.108946559,0.103118995,0.517077527,0.162890971,B
cg21783213,2.423361659,2.714902999,0.2915413403,2.713245797,0.2898841382,2.252398,-0.1709636583,0.000553864,0.000000005,0.032125775,0.00125434,0.000000016,0.056866315,B
cg21787835,3.804104982,3.677972029,-0.126132953,3.726006464,-0.07809851805,3.744625392,-0.05947958995,0.068375375,0.022375272,0.352516402,0.092366735,0.03132538,0.402129821,B
cg22328644,1.293624078,0.7387447928,-0.5548792852,0.7620633845,-0.5315606935,0.4403594883,-0.8532645897,0.000063245,0.000000048,0.000000406,0.000173925,0.000000153,0.000002978,B
cg22445447,1.131876668,2.495569963,1.363693295,2.864740216,1.732863548,1.552324494,0.420447826,0,0,0.000009837,0,0,0.000054106,B
cg22446618,2.384807435,2.330819733,-0.05398770202,2.544490845,0.1596834104,2.489206262,0.1043988273,0.070762444,0.026365169,0.094303138,0.094760142,0.035931292,0.14669377,B
cg22737917,-4.192854988,-4.098638292,0.09421669619,-4.156077366,0.03677762234,-4.18007084,0.01278414799,0.010516284,0.03327769,0.23977043,0.017047451,0.043430205,0.290745246,B
cg23067535,1.615507566,1.387926252,-0.2275813134,1.720713837,0.1052062714,1.168556281,-0.4469512843,0.149382498,0.00215999,0.000733047,0.190123179,0.003959982,0.002213515,B
cg23244913,-1.194256239,0.4889299604,1.6831862,0.4803533517,1.674609591,-2.025492734,-0.8312364944,0,0,0.000376852,0,0,0.001261634,B
cg23650686,2.925825948,2.930512557,0.004686608886,3.050331589,0.1245056407,2.920526838,-0.005299110166,0.791374138,0.168733748,0.160175532,0.834737104,0.201434087,0.214495929,B
cg23652866,-3.104053301,-2.491812189,0.612241112,-3.123571292,-0.01951799087,-3.106153513,-0.002100211719,0.073309273,0.470431026,0.344810802,0.09732438,0.517474129,0.396275101,B
cg23822732,2.759274003,-0.08301017696,-2.84228418,2.574449161,-0.1848248427,1.830477236,-0.928796767,0,0.406078946,0.000948899,0,0.456468304,0.002656916,B
cg23946286,0.5738713201,0.9716720854,0.3978007653,1.548633752,0.974762432,0.5854734822,0.01160216208,0.000000005,0,0.000134004,0.000000021,0,0.000491349,B
cg24125861,1.693951207,1.637544226,-0.05640698074,1.87171662,0.1777654133,1.799296839,0.1053456323,0.042198229,0,0.000040347,0.060171549,0,0.000177529,B
cg24195486,-1.040316491,0.1884235306,1.228740022,-0.6279440433,0.4123724478,-0.5185859748,0.5217305162,0,0.00004569,0.000007575,0,0.000099101,0.000046663,B
cg24239148,-3.783651133,-1.26583381,2.517817323,-3.647486854,0.1361642787,-3.085498641,0.698152492,0.000000521,0.056744908,0.003924589,0.000001822,0.071628819,0.009020697,B
cg24651706,-2.729859751,-2.831514451,-0.1016546999,-2.82950652,-0.09964676921,-2.810707572,-0.08084782098,0.076250053,0.00160109,0.333601923,0.100363317,0.003006925,0.392173253,B
cg24880892,2.79686002,2.567960541,-0.2288994788,2.817432707,0.02057268749,2.579708688,-0.2171513315,0.000611808,0.966000218,0.013760087,0.001365485,0.966000218,0.026161153,B
cg24883498,-1.813504499,-1.730089099,0.08341539967,-1.890650475,-0.07714597683,-1.784244367,0.02926013164,0.059255804,0.031779079,0.16186034,0.080755697,0.042189467,0.214883555,B
cg24913868,-1.726113947,-0.1521659351,1.573948011,-1.850010743,-0.1238967966,-1.650071633,0.07604231391,0,0.010139622,0.383171926,0.000000002,0.015308842,0.430718807,B
cg25052664,-1.952832223,-0.416591599,1.536240624,-2.188945253,-0.2361130305,-1.882576169,0.07025605396,0,0.000005525,0.199109347,0,0.000013948,0.255523663,B
cg25099516,0.4528105243,1.331195155,0.8783846308,1.753042961,1.300232436,0.7959809777,0.3431704534,0.000000818,0,0.000065867,0.000002798,0,0.000281764,B
cg25387540,1.912124731,2.040861889,0.1287371581,2.519769374,0.6076446432,1.83965524,-0.07246949089,0.043849327,0,0.058447094,0.061389058,0,0.09678336,B
cg25682097,-1.82753587,-0.7910114342,1.036524435,-2.200527097,-0.3729912273,-2.112760771,-0.2852249017,0.000000343,0,0.000000098,0.000001258,0,0.00000079,B
cg25730020,2.103013895,2.042096714,-0.06091718051,2.292886651,0.1898727566,1.138947159,-0.9640667353,0.61993985,0.005308359,0.000012635,0.677097425,0.008696673,0.000067094,B
cg26087735,1.641223956,1.626825515,-0.01439844105,1.717761222,0.0765372659,1.569240683,-0.07198327295,0.676983773,0.00752431,0.608425462,0.723996535,0.011704483,0.641763844,B
cg26210187,-2.839693648,-2.149335778,0.6903578698,-2.893803755,-0.05411010646,-2.989569547,-0.1498758984,0.0010705,0.003874966,0.003089093,0.002113552,0.006704997,0.007318774,B
cg26280911,0.4770617484,-0.4980292205,-0.9750909689,-1.375301842,-1.85236359,-0.9542826484,-1.431344397,0.000000018,0,0,0.000000076,0,0,B
cg26306256,-2.529677249,-2.514877807,0.014799442,-2.537557472,-0.007880222566,-2.447939733,0.08173751675,0.960580223,0.400612976,0.127081152,0.960580223,0.453635281,0.179545847,B
cg26416887,-0.4298730988,0.940936405,1.370809504,0.847433056,1.277306155,-0.5484356552,-0.1185625565,0,0,0.002207477,0,0,0.005483088,B
cg26979504,-0.4038001167,-0.0197150329,0.3840850838,-0.003570118523,0.4002299982,-0.488647204,-0.08484708728,0.000013132,0.000000724,0.087299369,0.000041271,0.00000199,0.137184722,B
cg27173717,-0.178820161,0.1749402996,0.3537604606,-0.221285489,-0.04246532802,-0.7760857644,-0.5972656034,0.000638488,0.008755668,0.000094221,0.001365655,0.013483729,0.000381841,B
cg27432242,1.729323982,1.278220261,-0.4511037209,1.386605813,-0.3427181687,1.006010132,-0.7233138495,0.000139505,0.000027903,0.000000023,0.000358063,0.000066108,0.000000253,B
ch.9.98463211R,-2.891928136,-3.235958469,-0.3440303326,-3.13011547,-0.2381873343,-3.46031264,-0.5683845041,0.000016951,0.00000018,0,0.000051184,0.000000524,0.000000004,B
cg00376022,-2.308007644,-1.341525639,0.9664820052,-2.317917767,-0.009910122909,-2.308910882,-0.0009032386758,0.000000148,0.165945965,0.26227089,0.00000035,0.182540561,0.315685408,C
cg00575003,-1.236267769,0.2553155167,1.491583285,-1.095538054,0.1407297145,-0.946019133,0.2902486358,0.000000059,0.034430593,0.013760087,0.000000161,0.042081835,0.026710757,C
cg01514015,1.195303633,1.955706388,0.7604027548,2.056798974,0.8614953407,1.604123022,0.4088193886,0,0,0.000012635,0.000000001,0,0.000104236,C
cg02299497,1.062987516,1.601794108,0.5388065924,1.81608745,0.7530999346,0.3787582544,-0.6842292613,0.000025922,0,0.000018758,0.000037192,0,0.000123804,C
cg04999999,3.10175472,1.55303416,-1.54872056,2.801908286,-0.2998464347,2.151648115,-0.9501066053,0.000000016,0.000198127,0.000000069,0.000000047,0.000363232,0.000001447,C
cg05120309,1.319939653,1.900301076,0.5803614226,2.338443469,1.018503816,1.379446545,0.05950689164,0.000017216,0,0.010695604,0.000025825,0,0.023530329,C
cg06261630,2.282576421,1.602301759,-0.6802746613,2.355087704,0.07251128338,2.308310178,0.02573375676,0.001169447,0.000033535,0.608425462,0.001378277,0.000065098,0.627438758,C
cg06461708,-1.262388932,0.03538426847,1.2977732,-1.335836067,-0.07344713549,-1.257033027,0.005355905451,0,0.000000294,0.000527452,0,0.000000807,0.00248656,C
cg08568720,-3.700740172,-1.440517314,2.260222858,-3.699514882,0.001225289997,-3.73309035,-0.03235017766,0.0000034,0.02463541,0.494975007,0.000006232,0.031268021,0.526908878,C
cg08991927,2.14182083,0.9274976017,-1.214323228,1.987141436,-0.1546793937,2.052002549,-0.08981828011,0.000007329,0.046115505,0.472607542,0.000012092,0.054350417,0.519868296,C
cg09414045,-3.835674889,-3.429470358,0.4062045311,-3.689615614,0.1460592749,-3.703543624,0.132131265,0.000000486,0.000009893,0.010211589,0.000001069,0.000020404,0.023530329,C
cg09550127,2.391981623,1.639674222,-0.7523074011,2.747279593,0.3552979698,2.367404173,-0.02457744967,0.000938826,0,0.127081152,0.001147454,0.000000001,0.199698953,C
cg09555153,2.129212293,2.135665469,0.006453175779,2.384572161,0.2553598682,2.158446936,0.02923464243,0.067968053,0.000000662,0.256817276,0.074764858,0.000001681,0.315685408,C
cg09777525,-2.938494353,-1.079196069,1.859298284,-3.447477567,-0.5089832138,-3.34402148,-0.4055271265,0.0000034,0,0.000000088,0.000006232,0,0.000001447,C
cg13813623,-3.09924879,-3.178359439,-0.0791106489,-3.23333983,-0.1340910398,-3.230964846,-0.1317160556,0.613482234,0.002340613,0.267854286,0.613482234,0.003510919,0.315685408,C
cg15165694,-2.730116037,-1.688755368,1.041360669,-3.18634011,-0.4562240739,-2.068004711,0.6621113251,0.047221385,0.117183172,0.218943863,0.05373468,0.133346368,0.289005899,C
cg16850518,2.37549678,1.448297129,-0.9271996501,2.538564988,0.1630682082,2.018664833,-0.3568319467,0.000039844,0.000002379,0.027978655,0.000052594,0.000005608,0.050906554,C
cg16881064,-3.104703637,-0.05163053333,3.053073104,-2.667413761,0.4372898765,-3.071491039,0.03321259812,0.000000001,0.19416526,0.44329681,0.000000004,0.206692051,0.504441197,C
cg18075691,-0.8866885009,-0.2231553693,0.6635331317,-1.08797031,-0.2012818088,-1.672899403,-0.7862109023,0.000185639,0.000414504,0.001435481,0.000235619,0.000683932,0.004737088,C
cg18245160,-0.7850612334,0.7680328735,1.553094107,-0.6794665348,0.1055946986,-0.8116513021,-0.02659006872,0,0.000003898,0.004605815,0,0.000008576,0.01266599,C
cg18315960,-1.287569096,-0.2502922037,1.037276893,-1.225102692,0.06246640385,-1.535427575,-0.2478584783,0.000007329,0.005642016,0.001057426,0.000012092,0.008095066,0.004361884,C
cg20585869,-3.003733157,-1.878695856,1.1250373,-3.791772371,-0.7880392147,-3.008600505,-0.004867348689,0.000039844,0,0.191507144,0.000052594,0,0.263322323,C
cg20686446,0.3776861105,3.189850652,2.812164542,3.340508239,2.962822128,1.000050781,0.6223646703,0,0,0.000060459,0,0,0.000332526,C
cg20887442,0.5594723501,3.450206574,2.890734224,3.561120125,3.001647775,1.637034833,1.077562483,0,0,0.000003303,0,0,0.000036331,C
cg21972063,2.453422058,1.000490748,-1.452931311,2.429121407,-0.02430065091,1.925941549,-0.5274805087,0.000000148,0.022454412,0.005737539,0.00000035,0.029639824,0.014564521,C
cg22851252,-3.045668076,-3.125851776,-0.08018369943,-3.09367539,-0.04800731363,-3.020563533,0.02510454321,0.280895299,0.270970358,0.666796996,0.289673277,0.279438181,0.666796996,C
cg23170495,2.278997422,0.1399580418,-2.13903938,2.369922898,0.09092547656,1.81988443,-0.4591129923,0,0.001011393,0.060755763,0,0.001589332,0.100247008,C
cg23419606,1.743137528,2.153547275,0.4104097469,2.041943579,0.2988060503,1.662882284,-0.0802552447,0.000008525,0.000000018,0.029309834,0.000013397,0.000000053,0.050906554,C
cg23626762,2.287829871,0.6013019618,-1.686527909,2.171221122,-0.1166087488,1.907956846,-0.3798730244,0,0.686750641,0.145403045,0,0.686750641,0.208621761,C
cg24655262,-0.00264888646,0.4628704106,0.4655192971,0.8908598937,0.8935087801,-0.138921988,-0.1362731016,0,0,0.011859477,0.000000001,0,0.024460172,C
cg26000619,-1.970501026,0.3054524056,2.275953432,-1.958619072,0.01188195444,-1.478938822,0.4915622045,0,0.00894021,0.001199306,0,0.012292789,0.004397456,C
cg26481727,-0.2556609075,0.7037585846,0.9594194921,1.838757139,2.094418046,-0.162064303,0.09359660443,0.000001141,0,0.001633608,0.000002354,0,0.004900825,C
cg27474516,-1.946242472,-1.427819674,0.5184227974,-2.313754656,-0.3675121848,-1.544454539,0.4017879329,0.132721528,0.000285064,0.136007353,0.141284207,0.000495111,0.20401103,C
cg01782798,-0.434962323,1.154308072,1.589270395,1.891293871,2.326256194,0.4558173336,0.8907796566,0,0,0,0,0,0,D
cg03082060,0.6660380216,0.8818378497,0.2157998281,1.708455313,1.042417291,0.7698746845,0.1038366629,0.001626753,0,0.000005191,0.002033441,0,0.000015573,D
cg03673737,-2.569622109,-0.6441868874,1.925435221,-2.26503871,0.3045833985,-2.189879164,0.379742945,0.000000127,0.071495693,0.015654438,0.000000317,0.085794831,0.018785326,D
cg04131583,-3.591821839,-1.815192554,1.776629286,-3.559501441,0.03232039822,-3.46013101,0.1316908296,0.000000434,0.590809289,0.27337693,0.000001001,0.633009953,0.27337693,D
cg04291383,2.595824983,1.373152156,-1.222672827,2.482595852,-0.1132291314,2.157170309,-0.4386546743,0.000000059,0.769466036,0.000742887,0.000000178,0.769466036,0.001114331,D
cg08321111,0.1055174219,1.180691062,1.07517364,1.720458556,1.614941135,0.5682986293,0.4627812074,0.000000127,0,0.000007415,0.000000317,0,0.000020224,D
cg08323277,-0.3864357384,0.1238301552,0.5102658936,-1.087167006,-0.7007312678,-0.61985699,-0.2334212516,0.000645612,0,0.00000155,0.000842103,0,0.000006643,D
cg09528501,0.5763632864,0.6343867061,0.05802341969,1.662405365,1.086042079,0.7123724827,0.1360091963,0.004504809,0,0.000003839,0.005197857,0,0.000012797,D
cg10334354,-2.072397189,-0.8885169811,1.183880208,-2.194681312,-0.1222841231,-1.885195367,0.1872018226,0.000006084,0.078069033,0.023918944,0.000011407,0.090079654,0.027122339,D
cg10343787,-0.9132720411,-1.225762176,-0.3124901354,-1.298028069,-0.3847560284,-1.517566806,-0.6042947651,0.000645612,0,0,0.000842103,0.000000001,0.000000001,D
cg10595181,2.068590828,2.001530646,-0.06706018212,2.014652382,-0.05393844571,1.75243101,-0.3161598183,0.371597145,0.040145092,0.013361011,0.38441084,0.050181365,0.016701264,D
cg11337388,0.06666368115,0.8233411892,0.7566775081,0.9917189596,0.9250552784,0.4664638552,0.3998001741,0,0,0,0,0,0.000000001,D
cg11382589,0.6247333022,0.4475850832,-0.177148219,1.086936235,0.4622029328,0.6162120081,-0.008521294119,0.000116966,0.000000584,0.004838618,0.000184683,0.000001031,0.006598116,D
cg11731892,-2.897361582,-2.876395269,0.02096631359,-2.942911624,-0.04555004204,-2.958152462,-0.06079087956,0.763631583,0.14244328,0.024410105,0.763631583,0.158270311,0.027122339,D
cg12839556,2.055022649,1.338440976,-0.7165816727,2.071350657,0.01632800782,1.711434941,-0.3435877081,0.000022156,0.758527612,0.000087742,0.000039098,0.769466036,0.000202481,D
cg14029856,1.12481539,-0.01831561671,-1.143131006,1.428849815,0.3040344253,0.8796224224,-0.2451929674,0.000000015,0.000000208,0.000373587,0.000000051,0.000000389,0.000589874,D
cg16002441,-1.393265662,-0.8951656302,0.4981000323,-1.393410889,-0.0001452263803,-1.563883714,-0.1706180517,0.000004292,0.012526849,0.027315317,0.000008584,0.016339368,0.029266411,D
cg16557698,1.852916642,1.065948426,-0.7869682159,2.4516163,0.598699658,2.059927988,0.2070113456,0.000000874,0,0.000000367,0.000001873,0,0.000002201,D
cg17511472,-0.5317583258,0.1373898826,0.6691482084,-1.155519793,-0.6237614676,-0.5606598121,-0.02890148628,0.000067975,0,0.055001917,0.000113292,0,0.056898535,D
cg17844831,-0.3517124167,0.9442153522,1.295927769,-0.1145842655,0.2371281512,-0.1352232572,0.2164891596,0,0.000000186,0.000026484,0,0.000000371,0.00006621,D
cg18026820,1.504907086,0.1560059303,-1.348901156,1.459577122,-0.04532996384,1.018568785,-0.4863383013,0,0.000008539,0.000000553,0,0.000013483,0.000002764,D
cg18986078,0.9171056704,2.357838111,1.44073244,1.166900439,0.2497947682,0.8501151871,-0.06699048327,0,0.000167865,0.000104203,0,0.000228907,0.000208405,D
cg20132581,3.158490249,2.894396698,-0.2640935516,2.954803314,-0.2036869352,2.903378177,-0.2551120722,0.021223149,0.000004318,0.000171371,0.023581277,0.000007196,0.000321321,D
cg20317437,1.812583722,2.037294087,0.2247103646,2.462108749,0.6495250273,1.920093527,0.1075098052,0.001947021,0,0.000353363,0.002336425,0,0.000588938,D
cg21207665,-1.993294521,0.1163923368,2.109686858,-1.468152685,0.5251418366,-1.848741454,0.1445530672,0,0.000066323,0.008913673,0,0.000094748,0.01162653,D
cg23372723,2.168325323,0.832439473,-1.33588585,0.824539531,-1.343785792,0.737564535,-1.430760788,0,0,0,0.000000001,0,0,D
cg23655651,-1.322962803,-1.837541252,-0.5145784491,-2.152985597,-0.8300227941,-1.620822704,-0.297859901,0.000147469,0,0.000218898,0.000221204,0,0.00038629,D
cg24726783,0.4806937702,3.926342094,3.445648324,3.778926642,3.298232872,1.608753483,1.128059712,0,0,0.000002555,0,0,0.000009582,D
cg27632493,1.326048572,1.6153062,0.2892576281,2.104470781,0.7784222091,1.592225258,0.2661766859,0.000311435,0,0.001859242,0.000444907,0,0.00265606,D
cg27655512,0.4524830403,0.3103814014,-0.1421016389,0.4488910268,-0.003592013544,0.1609351321,-0.2915479082,0.036240123,0.000066323,0.00009794,0.038828703,0.000094748,0.000208405,D
cg00953355,-2.825109587,-0.3451775466,2.47993204,-1.888349854,0.936759733,-2.20849424,0.6166153467,0,0.000000419,0.003020004,0,0.000000922,0.003691116,E
cg02540440,2.02143335,1.87844647,-0.1429868801,3.546996492,1.525563141,0.599237,-1.422196351,0.231795702,0,0.000000334,0.231795702,0,0.000000735,E
cg06527318,0.1746403087,-0.1611526882,-0.3357929969,-0.06226341526,-0.236903724,-0.7809246482,-0.955564957,0.195387783,0.008408451,0.000092147,0.214926562,0.010276996,0.000126702,E
cg09444327,-3.538693517,-1.313016286,2.225677231,-3.295991593,0.2427019237,-3.313803837,0.2248896796,0.000002942,0.000000783,0.000029363,0.000004623,0.000001436,0.000046142,E
cg09676669,-0.7405698375,-0.1829169297,0.5576529078,-2.028773618,-1.288203781,-1.591261574,-0.8506917362,0.000000497,0,0,0.000000911,0,0,E
cg12992385,-3.513298937,-2.035344242,1.477954695,-3.586741607,-0.07344266907,-3.633525444,-0.1202265068,0.000000109,0.000007346,0.000017533,0.000000239,0.000011544,0.000032143,E
cg17862275,3.042618494,2.626360674,-0.4162578194,2.976641838,-0.06597665593,2.999794139,-0.04282435511,0.016448978,0.128762489,0.243741922,0.022617344,0.128762489,0.243741922,E
cg21016188,-2.775033944,-1.529131535,1.245902409,-3.90901078,-1.133976836,-0.3609403733,2.414093571,0.031457414,0.004006007,0,0.03844795,0.00550826,0.000000001,E
cg21879102,-0.4566279888,1.617175516,2.073803504,-0.5281085529,-0.07148056408,-0.865984611,-0.4093566222,0,0.000000336,0.000000015,0,0.000000922,0.000000056,E
cg21885046,-4.167022746,-2.153735851,2.013286895,-3.988826431,0.1781963149,-4.117765518,0.04925722784,0.000000048,0.048543145,0.055248034,0.000000132,0.05339746,0.060772837,E
cg23331981,-0.1103065752,2.871539529,2.981846104,-0.7076562578,-0.5973496826,-0.5314226357,-0.4211160606,0,0,0.000000133,0,0.000000002,0.000000365,E
