probe,norm_avg,avg_Mval,deviation,pval,padj,cluster
cg00023464,-0.009780492501,-0.2503309741,-0.2405504816,0.001032020936,0.001909238731,cl1
cg00936146,-3.257920649,-2.172753292,1.085167357,0.008452856632,0.01251022782,cl1
cg00953355,-2.825109587,-0.7508652745,2.074244312,1.35E-10,6.26E-10,cl1
cg02238504,1.978539433,1.629220422,-0.3493190113,0.009865358083,0.01351919441,cl1
cg02310027,0.7327964073,1.06577204,0.3329756326,0.02347122267,0.0289478413,cl1
cg02540440,2.02143335,2.445139367,0.4237060164,0.009865358083,0.01351919441,cl1
cg02544836,0.7548525403,0.5553158275,-0.1995367128,0.02468804779,0.02946637962,cl1
cg02756106,-2.539633812,-2.405407171,0.1342266411,0.8421776022,0.8421776022,cl1
cg04131583,-3.591821839,-1.925471062,1.666350777,0.0000145,0.0000316,cl1
cg06892815,2.948472721,2.735040214,-0.2134325075,0.2575200197,0.2722354494,cl1
cg07713896,-2.75352634,-1.593902881,1.159623459,0.00000000318,0.0000000107,cl1
cg08330217,1.860593211,-0.2885402567,-2.149133468,0,0,cl1
cg08568720,-3.700740172,-1.615030661,2.085709511,0.0000145,0.0000316,cl1
cg09035079,1.310441059,1.417659301,0.1072182417,0.005369554953,0.009030615149,cl1
cg09556823,2.99013704,2.876850794,-0.1132862469,0.1163946112,0.1305030489,cl1
cg12259903,1.257999917,0.9674259372,-0.2905739798,0.005093079106,0.008973520329,cl1
cg12387106,2.421184382,2.009397099,-0.411787283,0.0000587,0.0001142326006,cl1
cg13175786,2.073647764,1.187254224,-0.8863935393,0.00000513,0.0000127,cl1
cg13931277,1.696755479,1.559764838,-0.1369906413,0.03279047329,0.03791398474,cl1
cg14008571,3.096855542,2.653678334,-0.443177208,0.01655853863,0.02188092605,cl1
cg14812313,4.264126818,3.93421338,-0.3299134377,0.0212231491,0.02707781092,cl1
cg15595571,2.791374958,2.86076719,0.06939223289,0.2141786747,0.233076793,cl1
cg16394290,0.1355654312,0.8253440716,0.6897786403,0.00000000299,0.0000000107,cl1
cg18052528,1.796863624,1.861314022,0.06445039775,0.00671608677,0.0103539671,cl1
cg20370909,1.623841215,1.604451558,-0.01938965763,0.005987089419,0.009631404717,cl1
cg20585869,-3.003733157,-1.923814354,1.079918803,0.0000261,0.0000537,cl1
cg20827077,0.6692073205,1.571164702,0.9019573818,0.00000000651,0.0000000201,cl1
cg21207665,-1.993294521,0.05595576359,2.049250285,0,0,cl1
cg21669326,0.01356836507,-1.509735752,-1.523304117,2.42E-11,1.28E-10,cl1
cg21972063,2.453422058,0.8766736722,-1.576748386,0.0000000154,0.0000000439,cl1
cg23244913,-1.194256239,0.489021747,1.683277986,0,0,cl1
cg23626762,2.287829871,0.5848171416,-1.703012729,0,0,cl1
cg23946286,0.5738713201,1.005870354,0.4319990342,0.00000000158,0.00000000649,cl1
cg24700929,1.415625666,0.136329902,-1.279295764,2.42E-11,1.28E-10,cl1
cg25099516,0.4528105243,1.36968191,0.916871386,0.000000375,0.00000099,cl1
cg26000619,-1.970501026,0.02305376805,1.993554795,3.85E-12,2.85E-11,cl1
cg26087735,1.641223956,1.631912552,-0.009311403857,0.6701445958,0.6887597234,cl1
cg00023464,-0.009780492501,-0.3357567383,-0.3259762458,6.9E-11,1.5E-10,cl2
cg00936146,-3.257920649,-3.261709509,-0.003788859704,0.9677090829,0.9677090829,cl2
cg00953355,-2.825109587,-1.682029571,1.143080016,0.00000000318,0.00000000653,cl2
cg02238504,1.978539433,2.738033575,0.7594941423,3.12E-13,9.64E-13,cl2
cg02310027,0.7327964073,-0.338972739,-1.071769146,3.12E-13,9.64E-13,cl2
cg02540440,2.02143335,3.095323301,1.07388995,3.13E-13,9.64E-13,cl2
cg02544836,0.7548525403,0.7961708407,0.04131830033,0.01127470619,0.01489871889,cl2
cg02756106,-2.539633812,-2.69194203,-0.1523082177,0.00214718557,0.003177834643,cl2
cg04131583,-3.591821839,-3.595033752,-0.00321191326,0.3531519162,0.3733320256,cl2
cg06892815,2.948472721,3.027359273,0.07888655157,0.001596729541,0.00256865187,cl2
cg07713896,-2.75352634,-2.536652481,0.2168738587,0.01093686084,0.01489871889,cl2
cg08330217,1.860593211,1.370865161,-0.4897280501,0.0001907304495,0.0003360488873,cl2
cg08568720,-3.700740172,-3.707433425,-0.006693252312,0.01445467389,0.01844217014,cl2
cg09035079,1.310441059,2.243810047,0.9333689885,3.12E-13,9.64E-13,cl2
cg09556823,2.99013704,2.888978981,-0.1011580593,0.02508269203,0.02993740662,cl2
cg12259903,1.257999917,1.453645549,0.1956456321,4.48E-13,1.18E-12,cl2
cg12387106,2.421184382,2.328270436,-0.09291394588,0.03321181883,0.03840116552,cl2
cg13175786,2.073647764,2.449917303,0.3762695393,1.43E-11,3.54E-11,cl2
cg13931277,1.696755479,2.114703237,0.4179477574,3.39E-13,9.64E-13,cl2
cg14008571,3.096855542,3.100874134,0.004018591315,0.1089244019,0.1221273597,cl2
cg14812313,4.264126818,4.303849952,0.03972313402,0.02167324296,0.02673033298,cl2
cg15595571,2.791374958,2.762495094,-0.02887986384,0.1483773669,0.1614694875,cl2
cg16394290,0.1355654312,1.363827161,1.22826173,3.12E-13,9.64E-13,cl2
cg18052528,1.796863624,2.399855156,0.6029915321,3.79E-11,8.77E-11,cl2
cg20370909,1.623841215,2.694341134,1.070499918,3.12E-13,9.64E-13,cl2
cg20585869,-3.003733157,-3.924922102,-0.9211889451,3.29E-13,9.64E-13,cl2
cg20827077,0.6692073205,2.245088358,1.575881038,3.12E-13,9.64E-13,cl2
cg21207665,-1.993294521,-1.460706885,0.532587636,0.0000539,0.0000998,cl2
cg21669326,0.01356836507,-1.247909333,-1.261477698,3.12E-13,9.64E-13,cl2
cg21972063,2.453422058,2.545147388,0.09172532997,0.00198694093,0.0030632006,cl2
cg23244913,-1.194256239,0.667252295,1.861508534,3.12E-13,9.64E-13,cl2
cg23626762,2.287829871,2.227514697,-0.06031517418,0.9304607914,0.9563069245,cl2
cg23946286,0.5738713201,1.550232008,0.9763606878,3.12E-13,9.64E-13,cl2
cg24700929,1.415625666,1.505873547,0.09024788147,0.000000565,0.0000011,cl2
cg25099516,0.4528105243,1.874891135,1.422080611,3.12E-13,9.64E-13,cl2
cg26000619,-1.970501026,-2.06000652,-0.08950549389,0.001215415891,0.002044108544,cl2
cg26087735,1.641223956,1.731005236,0.08978128025,0.005288101023,0.007525374533,cl2
cg00023464,-0.009780492501,-0.006475305775,0.003305186726,0.007681623071,0.01495895019,cl3
cg00936146,-3.257920649,-3.24387131,0.01404933876,0.9798610507,0.9798610507,cl3
cg00953355,-2.825109587,-2.80172509,0.02338449691,0.1539546888,0.1898774495,cl3
cg02238504,1.978539433,2.41308965,0.434550217,0.0000000171,0.000000159,cl3
cg02310027,0.7327964073,1.017818525,0.2850221175,0.01653869336,0.02913960258,cl3
cg02540440,2.02143335,2.021139524,-0.0002938264903,0.0009835494263,0.002274458048,cl3
cg02544836,0.7548525403,0.1354917917,-0.6193607486,0.0000000349,0.000000215,cl3
cg02756106,-2.539633812,-2.571241552,-0.0316077404,0.6418953449,0.6597257712,cl3
cg04131583,-3.591821839,-3.328314711,0.263507128,0.07322095052,0.09675625605,cl3
cg06892815,2.948472721,2.997148038,0.04867531641,0.04667692224,0.06642485088,cl3
cg07713896,-2.75352634,-2.334702817,0.4188235225,0.00000131,0.00000484,cl3
cg08330217,1.860593211,0.8775698889,-0.9830233224,0.00000000187,0.0000000231,cl3
cg08568720,-3.700740172,-3.690972864,0.009767308564,0.6167023785,0.6519425144,cl3
cg09035079,1.310441059,1.693027427,0.3825863684,0.0000000298,0.000000215,cl3
cg09556823,2.99013704,2.944612767,-0.04552427337,0.2214074831,0.2560024023,cl3
cg12259903,1.257999917,1.205811327,-0.05218859037,0.02138290907,0.03439859284,cl3
cg12387106,2.421184382,2.193954287,-0.2272300942,0.05326476058,0.07299244968,cl3
cg13175786,2.073647764,2.226630747,0.1529829836,0.0000883,0.0002512180437,cl3
cg13931277,1.696755479,1.907940863,0.2111853832,0.0000858,0.0002512180437,cl3
cg14008571,3.096855542,2.928075448,-0.1687800941,0.2411199281,0.270346586,cl3
cg14812313,4.264126818,4.04229193,-0.2218348883,0.01653869336,0.02913960258,cl3
cg15595571,2.791374958,2.72830851,-0.06306644772,0.141008428,0.1799073047,cl3
cg16394290,0.1355654312,0.3988913777,0.2633259465,0.00000547,0.0000184,cl3
cg18052528,1.796863624,1.616992808,-0.1798708166,0.1958146764,0.2337142911,cl3
cg20370909,1.623841215,1.796761849,0.1729206335,0.005836044044,0.01199631276,cl3
cg20585869,-3.003733157,-3.087011015,-0.08327785844,0.02683824617,0.03972060433,cl3
cg20827077,0.6692073205,1.292531362,0.6233240416,0.000000228,0.00000105,cl3
cg21207665,-1.993294521,-1.796147127,0.1971473943,0.02683824617,0.03972060433,cl3
cg21669326,0.01356836507,-1.37616165,-1.389730015,0,0,cl3
cg21972063,2.453422058,1.963202253,-0.4902198051,0.0002397990604,0.0006337546597,cl3
cg23244913,-1.194256239,-1.247560672,-0.05330443261,0.004253607912,0.009257852515,cl3
cg23626762,2.287829871,1.944909666,-0.3429202051,0.02135156445,0.03439859284,cl3
cg23946286,0.5738713201,1.072295424,0.4984241043,2.03E-12,3.76E-11,cl3
cg24700929,1.415625666,0.9576142936,-0.4580113722,0.000000579,0.00000238,cl3
cg25099516,0.4528105243,0.944738355,0.4919278306,0.0000000787,0.000000416,cl3
cg26000619,-1.970501026,-1.399073776,0.57142725,0.0003661135349,0.0009030800528,cl3
cg26087735,1.641223956,1.608675323,-0.03254863295,0.4916500343,0.5350309197,cl3
