,ONTOLOGY,ID,Description,GeneRatio,BgRatio,pvalue,p.adjust,qvalue,geneID,Count
GO:0009152,BP,GO:0009152,purine ribonucleotide biosynthetic process,40/367,217/18614,2.49908262016671E-27,1.08110314148412E-23,7.2552314383366E-24,31/32/38/47/100/107/108/109/111/112/113/114/115/132/142/158/159/203/204/205/226/270/271/272/318/353/471/498/506/509/513/514/515/516/517/518/521/522/523/527,40
GO:0009150,BP,GO:0009150,purine ribonucleotide metabolic process,53/367,445/18614,2.49820571719208E-26,4.40706109137567E-23,2.95755760518143E-23,31/32/38/47/89/100/107/108/109/111/112/113/114/115/132/142/158/159/203/204/205/215/226/229/230/270/271/272/318/351/353/368/387/402/405/471/477/481/498/506/509/513/514/515/516/517/518/521/522/523/525/526/527,53
GO:0009260,BP,GO:0009260,ribonucleotide biosynthetic process,40/367,231/18614,3.0562143490816E-26,4.40706109137567E-23,2.95755760518143E-23,31/32/38/47/100/107/108/109/111/112/113/114/115/132/142/158/159/203/204/205/226/270/271/272/318/353/471/498/506/509/513/514/515/516/517/518/521/522/523/527,40
GO:0046390,BP,GO:0046390,ribose phosphate biosynthetic process,40/367,238/18614,9.98549770472354E-26,1.07993157676585E-22,7.24736912358619E-23,31/32/38/47/100/107/108/109/111/112/113/114/115/132/142/158/159/203/204/205/226/270/271/272/318/353/471/498/506/509/513/514/515/516/517/518/521/522/523/527,40
GO:0009259,BP,GO:0009259,ribonucleotide metabolic process,53/367,464/18614,1.90078085505498E-25,1.64455559579357E-22,1.1036533891035E-22,31/32/38/47/89/100/107/108/109/111/112/113/114/115/132/142/158/159/203/204/205/215/226/229/230/270/271/272/318/351/353/368/387/402/405/471/477/481/498/506/509/513/514/515/516/517/518/521/522/523/525/526/527,53
GO:0006164,BP,GO:0006164,purine nucleotide biosynthetic process,41/367,262/18614,4.19719483443515E-25,2.96429207911874E-22,1.98932222649086E-22,31/32/38/47/100/107/108/109/111/112/113/114/115/132/136/142/158/159/203/204/205/226/270/271/272/318/353/471/498/506/509/513/514/515/516/517/518/521/522/523/527,41
GO:0019693,BP,GO:0019693,ribose phosphate metabolic process,53/367,473/18614,4.79658912478761E-25,2.96429207911874E-22,1.98932222649086E-22,31/32/38/47/89/100/107/108/109/111/112/113/114/115/132/142/158/159/203/204/205/215/226/229/230/270/271/272/318/351/353/368/387/402/405/471/477/481/498/506/509/513/514/515/516/517/518/521/522/523/525/526/527,53
GO:0072522,BP,GO:0072522,purine-containing compound biosynthetic process,41/367,271/18614,1.60864515663276E-24,8.69874868449164E-22,5.83768860788572E-22,31/32/38/47/100/107/108/109/111/112/113/114/115/132/136/142/158/159/203/204/205/226/270/271/272/318/353/471/498/506/509/513/514/515/516/517/518/521/522/523/527,41
GO:1902600,BP,GO:1902600,proton transmembrane transport,31/367,143/18614,1.25483442900103E-23,6.03157082206494E-21,4.0477583101577E-21,81/291/292/476/477/478/479/480/481/486/495/496/498/506/509/513/514/515/516/517/518/521/522/523/525/526/527/528/529/533/534,31
GO:0009165,BP,GO:0009165,nucleotide biosynthetic process,41/367,295/18614,4.50621687938221E-23,1.94938942202074E-20,1.30822591087749E-20,31/32/38/47/100/107/108/109/111/112/113/114/115/132/136/142/158/159/203/204/205/226/270/271/272/318/353/471/498/506/509/513/514/515/516/517/518/521/522/523/527,41
GO:1901293,BP,GO:1901293,nucleoside phosphate biosynthetic process,41/367,297/18614,5.86012636988529E-23,2.30462787964762E-20,1.54662473953528E-20,31/32/38/47/100/107/108/109/111/112/113/114/115/132/136/142/158/159/203/204/205/226/270/271/272/318/353/471/498/506/509/513/514/515/516/517/518/521/522/523/527,41
GO:0009144,BP,GO:0009144,purine nucleoside triphosphate metabolic process,33/367,249/18614,4.09325380603667E-18,1.47561799707622E-15,9.9028017517975E-16,89/100/132/142/203/204/205/226/229/230/318/351/368/387/402/405/477/481/498/506/509/513/514/515/516/517/518/521/522/523/525/526/527,33
GO:1903522,BP,GO:1903522,regulation of blood circulation,33/367,261/18614,1.73982496466691E-17,5.78960215165311E-15,3.88537429356383E-15,25/40/100/133/134/140/146/147/148/150/151/152/153/156/177/183/185/186/274/287/387/476/477/478/481/482/487/488/489/490/491/492/493,33
GO:0009141,BP,GO:0009141,nucleoside triphosphate metabolic process,33/367,269/18614,4.36542868316172E-17,1.34891746309697E-14,9.05252053245114E-15,89/100/132/142/203/204/205/226/229/230/318/351/368/387/402/405/477/481/498/506/509/513/514/515/516/517/518/521/522/523/525/526/527,33
GO:0046034,BP,GO:0046034,ATP metabolic process,30/367,219/18614,5.67016687529333E-17,1.6352761268346E-14,1.09742598189888E-14,89/142/203/204/205/226/229/230/318/351/368/402/405/477/481/498/506/509/513/514/515/516/517/518/521/522/523/525/526/527,30
GO:0009205,BP,GO:0009205,purine ribonucleoside triphosphate metabolic process,31/367,244/18614,1.49070426477668E-16,4.03049165588994E-14,2.70484365937768E-14,89/142/203/204/205/226/229/230/318/351/368/387/402/405/477/481/498/506/509/513/514/515/516/517/518/521/522/523/525/526/527,31
GO:0030007,BP,GO:0030007,intracellular potassium ion homeostasis,11/367,15/18614,1.91889339327698E-16,4.88301930548012E-14,3.2769708846179E-14,476/477/478/479/480/481/482/483/486/495/496,11
GO:0046033,BP,GO:0046033,AMP metabolic process,13/367,25/18614,2.31378979398403E-16,5.56080813820828E-14,3.73183172620348E-14,100/132/158/159/203/204/205/270/271/272/318/353/471,13
GO:0009199,BP,GO:0009199,ribonucleoside triphosphate metabolic process,31/367,251/18614,3.35168354183857E-16,7.63125421157562E-14,5.12129817639379E-14,89/142/203/204/205/226/229/230/318/351/368/387/402/405/477/481/498/506/509/513/514/515/516/517/518/521/522/523/525/526/527,31
GO:0007189,BP,GO:0007189,adenylate cyclase-activating G protein-coupled receptor signaling pathway,24/367,140/18614,4.49605322978795E-16,9.72496313603134E-14,6.52637621460798E-14,19/107/108/109/111/112/113/114/115/116/133/135/136/146/147/148/150/151/152/153/154/155/333/493,24
GO:0036376,BP,GO:0036376,sodium ion export across plasma membrane,11/367,16/18614,6.03277575078452E-16,1.24275180466161E-13,8.34004788003194E-14,476/477/478/479/480/481/482/483/486/495/496,11
GO:0034440,BP,GO:0034440,lipid oxidation,22/367,116/18614,8.40473882119485E-16,1.65267727911313E-13,1.10910381190696E-13,30/32/33/34/35/37/38/39/51/127/128/131/207/208/215/225/239/240/242/246/247/347,22
GO:0006883,BP,GO:0006883,intracellular sodium ion homeostasis,12/367,23/18614,3.21104465401497E-15,6.03955616229076E-13,4.05311723376351E-13,183/476/477/478/479/480/481/482/483/486/495/496,12
GO:0055078,BP,GO:0055078,sodium ion homeostasis,16/367,56/18614,7.6615893263783E-15,1.38100147607969E-12,9.26783480796112E-13,134/135/183/185/476/477/478/479/480/481/482/483/486/495/496/525,16
GO:0060191,BP,GO:0060191,regulation of lipase activity,19/367,89/18614,8.10238314691416E-15,1.40203637974203E-12,9.40899903965863E-13,25/27/117/148/183/185/283/301/336/337/341/344/345/350/378/387/389/395/400,19
GO:0006067,BP,GO:0006067,ethanol metabolic process,11/367,21/18614,4.45913328931784E-14,7.41931177291884E-12,4.97906462021806E-12,124/125/126/127/128/130/131/217/219/221/222,11
GO:0035296,BP,GO:0035296,regulation of tube diameter,22/367,142/18614,6.80759088529612E-14,1.05177279177825E-11,7.05839686528072E-12,25/40/112/133/134/135/136/146/148/150/151/152/153/154/155/183/185/186/348/387/477/490,22
GO:0097746,BP,GO:0097746,blood vessel diameter maintenance,22/367,142/18614,6.80759088529612E-14,1.05177279177825E-11,7.05839686528072E-12,25/40/112/133/134/135/136/146/148/150/151/152/153/154/155/183/185/186/348/387/477/490,22
GO:0003018,BP,GO:0003018,vascular process in circulatory system,29/367,265/18614,7.56192338604126E-14,1.12803036441429E-11,7.5701577853727E-12,20/25/40/112/133/134/135/136/146/148/150/151/152/153/154/155/177/183/185/186/284/348/387/477/480/482/489/490/493,29
GO:0035150,BP,GO:0035150,regulation of tube size,22/367,143/18614,7.90229560357135E-14,1.13951102603499E-11,7.64720395601747E-12,25/40/112/133/134/135/136/146/148/150/151/152/153/154/155/183/185/186/348/387/477/490,22
GO:0006631,BP,GO:0006631,fatty acid metabolic process,35/367,394/18614,1.01626192663106E-13,1.41817712729224E-11,9.51731882393362E-12,30/31/32/33/34/35/36/37/38/39/47/51/127/128/131/207/208/215/224/225/231/239/240/241/242/246/247/301/313/337/341/344/345/427/525,35
GO:0006066,BP,GO:0006066,alcohol metabolic process,33/367,366/18614,3.52682219463305E-13,4.76782275436956E-11,3.19966303052565E-11,19/20/33/37/47/50/55/117/124/125/126/127/128/130/131/216/217/219/220/221/222/224/231/319/335/336/337/338/341/343/348/351/427,33
GO:0009167,BP,GO:0009167,purine ribonucleoside monophosphate metabolic process,13/367,42/18614,8.38753390229402E-13,1.06719034298012E-10,7.16186331347582E-11,100/132/158/159/203/204/205/270/271/272/318/353/471,13
GO:0055075,BP,GO:0055075,potassium ion homeostasis,12/367,34/18614,1.07122489896317E-12,1.24429133634876E-10,8.35037960349878E-11,476/477/478/479/480/481/482/483/486/495/496/525,12
GO:0007188,BP,GO:0007188,adenylate cyclase-modulating G protein-coupled receptor signaling pathway,26/367,234/18614,1.07806662877158E-12,1.24429133634876E-10,8.35037960349878E-11,19/107/108/109/111/112/113/114/115/116/117/133/134/135/136/146/147/148/150/151/152/153/154/155/333/493,26
GO:0007266,BP,GO:0007266,Rho protein signal transduction,20/367,130/18614,1.0929974752948E-12,1.24429133634876E-10,8.35037960349878E-11,19/25/27/148/150/185/335/345/348/387/388/391/392/393/394/395/396/397/398/408,20
GO:0009168,BP,GO:0009168,purine ribonucleoside monophosphate biosynthetic process,10/367,20/18614,1.21842551307593E-12,1.35151506911961E-10,9.0699529421415E-11,100/132/158/159/270/271/272/318/353/471,10
GO:0071880,BP,GO:0071880,adenylate cyclase-activating adrenergic receptor signaling pathway,11/367,27/18614,1.48238737580368E-12,1.60320194693168E-10,1.07590115328067E-10,115/146/147/148/150/151/152/153/154/155/493,11
GO:0009126,BP,GO:0009126,purine nucleoside monophosphate metabolic process,13/367,44/18614,1.64666973142062E-12,1.73743738003064E-10,1.16598590995072E-10,100/132/158/159/203/204/205/270/271/272/318/353/471,13
GO:0009127,BP,GO:0009127,purine nucleoside monophosphate biosynthetic process,10/367,22/18614,4.11715421861568E-12,4.07695084968156E-10,2.7360222019665E-10,100/132/158/159/270/271/272/318/353/471,10
GO:0006937,BP,GO:0006937,regulation of muscle contraction,22/367,173/18614,4.1466906469253E-12,4.07695084968156E-10,2.7360222019665E-10,18/89/100/134/136/147/148/150/151/152/154/156/274/287/309/387/476/477/481/487/488/490,22
GO:0006081,BP,GO:0006081,cellular aldehyde metabolic process,15/367,69/18614,4.29368197337601E-12,4.10256490192266E-10,2.75321166983057E-10,24/127/128/189/216/217/218/220/221/222/223/224/229/249/501,15
GO:0019395,BP,GO:0019395,fatty acid oxidation,18/367,109/18614,4.36241297939071E-12,4.10256490192266E-10,2.75321166983057E-10,30/32/33/34/35/37/38/39/51/127/128/131/207/208/215/225/239/246,18
GO:0051384,BP,GO:0051384,response to glucocorticoid,20/367,142/18614,5.90743709032202E-12,5.43735592611341E-10,3.64898353753821E-10,2/15/21/90/133/178/199/210/249/301/306/336/358/361/374/383/387/445/490/498,20
GO:0008016,BP,GO:0008016,regulation of heart contraction,24/367,213/18614,6.06035280756611E-12,5.46189296781896E-10,3.6654502287867E-10,100/133/134/140/147/148/153/156/183/186/274/287/476/477/478/481/482/487/488/489/490/491/492/493,24
GO:0048545,BP,GO:0048545,response to steroid hormone,30/367,339/18614,7.0233834933263E-12,6.18472875259632E-10,4.15054186428709E-10,2/15/20/21/49/58/90/133/142/178/190/199/210/249/301/306/336/358/361/367/374/383/387/406/445/476/477/478/490/498,30
GO:0090257,BP,GO:0090257,regulation of muscle system process,26/367,254/18614,7.14832264516449E-12,6.18472875259632E-10,4.15054186428709E-10,18/89/100/134/136/142/147/148/150/151/152/154/156/183/199/274/287/309/387/476/477/481/487/488/490/493,26
GO:0015850,BP,GO:0015850,organic hydroxy compound transport,28/367,296/18614,7.38995155873613E-12,6.26841773393971E-10,4.2067051391113E-10,18/19/20/21/24/60/135/140/150/151/152/156/183/185/302/335/336/337/338/341/344/345/348/358/359/360/364/366,28
GO:0030258,BP,GO:0030258,lipid modification,23/367,197/18614,8.07389102122096E-12,6.71685626111575E-10,4.50765008836588E-10,28/30/32/33/34/35/37/38/39/51/127/128/131/207/208/215/225/239/240/242/246/247/347,23
GO:0044282,BP,GO:0044282,small molecule catabolic process,32/367,388/18614,8.91145113835527E-12,7.2737618159481E-10,4.88138674073165E-10,18/30/32/33/34/35/36/37/38/39/51/89/100/127/128/189/207/208/215/217/219/221/222/225/229/275/339/348/383/384/443/493,32
GO:0019216,BP,GO:0019216,regulation of lipid metabolic process,30/367,344/18614,1.01649346723558E-11,8.02216550456032E-10,5.38363687412156E-10,12/13/20/21/32/33/37/133/134/150/190/207/208/215/225/238/301/335/336/337/338/339/341/343/344/345/347/348/427/476,30
GO:0050994,BP,GO:0050994,regulation of lipid catabolic process,14/367,61/18614,1.01992395457887E-11,8.02216550456032E-10,5.38363687412156E-10,13/32/134/150/207/208/215/225/238/336/337/341/344/345,14
GO:0031960,BP,GO:0031960,response to corticosteroid,21/367,166/18614,1.42506001483859E-11,1.10085886146281E-09,7.38781112955794E-10,2/15/21/90/133/142/178/199/210/249/301/306/336/358/361/374/383/387/445/490/498,21
GO:0006936,BP,GO:0006936,muscle contraction,30/367,349/18614,1.46100374432183E-11,1.10882494700636E-09,7.44127114836495E-10,18/58/89/100/134/136/147/148/150/151/152/154/156/183/226/274/287/309/322/323/384/387/444/476/477/481/487/488/490/493,30
GO:0009145,BP,GO:0009145,purine nucleoside triphosphate biosynthetic process,18/367,118/18614,1.74480652990249E-11,1.30138500833762E-09,8.73353250357726E-10,132/142/205/226/318/498/506/509/513/514/515/516/517/518/521/522/523/527,18
GO:0009142,BP,GO:0009142,nucleoside triphosphate biosynthetic process,19/367,134/18614,1.78662993696905E-11,1.30999340802172E-09,8.7913030618388E-10,132/142/203/205/226/318/498/506/509/513/514/515/516/517/518/521/522/523/527,19
GO:0071875,BP,GO:0071875,adrenergic receptor signaling pathway,11/367,33/18614,1.97910543550445E-11,1.42693501899871E-09,9.57609261600225E-10,115/146/147/148/150/151/152/153/154/155/493,11
GO:0060047,BP,GO:0060047,heart contraction,25/367,247/18614,2.3459164006864E-11,1.6636777621917E-09,1.11648618345006E-09,70/100/133/134/140/147/148/153/156/183/186/274/287/476/477/478/481/482/487/488/489/490/491/492/493,25
GO:0006754,BP,GO:0006754,ATP biosynthetic process,17/367,106/18614,2.81446175845713E-11,1.96376799469122E-09,1.31787530217738E-09,142/205/226/318/498/506/509/513/514/515/516/517/518/521/522/523/527,17
GO:0060193,BP,GO:0060193,positive regulation of lipase activity,14/367,67/18614,3.98350760292402E-11,2.73534188734116E-09,1.8356748485989E-09,27/117/148/183/185/283/337/344/350/378/387/389/395/400,14
GO:0045833,BP,GO:0045833,negative regulation of lipid metabolic process,17/367,109/18614,4.45874676079617E-11,3.01383413862566E-09,2.02256966550589E-09,20/32/33/37/134/150/190/207/238/336/339/341/344/345/347/348/476,17
GO:0003015,BP,GO:0003015,heart process,25/367,259/18614,6.57767874020188E-11,4.3776981892482E-09,2.9378523021015E-09,70/100/133/134/140/147/148/153/156/183/186/274/287/476/477/478/481/482/487/488/489/490/491/492/493,25
GO:0009161,BP,GO:0009161,ribonucleoside monophosphate metabolic process,13/367,59/18614,9.82964137092145E-11,6.44288311675851E-09,4.32378802248825E-09,100/132/158/159/203/204/205/270/271/272/318/353/471,13
GO:0071825,BP,GO:0071825,protein-lipid complex subunit organization,12/367,49/18614,1.38126076058965E-10,8.85289929973594E-09,5.94113834797472E-09,19/183/185/274/335/336/337/338/341/344/345/348,12
GO:0008217,BP,GO:0008217,regulation of blood pressure,21/367,187/18614,1.39157917795202E-10,8.85289929973594E-09,5.94113834797472E-09,18/40/59/94/128/133/134/147/148/151/153/154/155/183/185/186/367/387/476/477/490,21
GO:0009206,BP,GO:0009206,purine ribonucleoside triphosphate biosynthetic process,17/367,117/18614,1.41574662992903E-10,8.87611582764202E-09,5.95671884873268E-09,142/205/226/318/498/506/509/513/514/515/516/517/518/521/522/523/527,17
GO:0019229,BP,GO:0019229,regulation of vasoconstriction,13/367,61/18614,1.53895926004024E-10,9.51076822704871E-09,6.38263103637743E-09,25/40/133/146/148/150/151/152/183/185/387/477/490,13
GO:0034368,BP,GO:0034368,protein-lipid complex remodeling,10/367,30/18614,1.66209362241023E-10,9.98641251464814E-09,6.70183364123892E-09,183/185/335/336/337/338/341/344/345/348,10
GO:0034369,BP,GO:0034369,plasma lipoprotein particle remodeling,10/367,30/18614,1.66209362241023E-10,9.98641251464814E-09,6.70183364123892E-09,183/185/335/336/337/338/341/344/345/348,10
GO:0010038,BP,GO:0010038,response to metal ion,29/367,367/18614,2.42614782395498E-10,1.43774184745606E-08,9.64861672453906E-09,15/18/26/48/58/71/107/113/114/118/142/207/210/241/246/265/288/311/351/358/359/360/368/383/429/445/466/468/513,29
GO:0009201,BP,GO:0009201,ribonucleoside triphosphate biosynthetic process,17/367,123/18614,3.1672251930562E-10,1.84622046169212E-08,1.23898971539209E-08,142/205/226/318/498/506/509/513/514/515/516/517/518/521/522/523/527,17
GO:0034308,BP,GO:0034308,primary alcohol metabolic process,16/367,107/18614,3.2007983039045E-10,1.84622046169212E-08,1.23898971539209E-08,55/124/125/126/127/128/130/131/216/217/219/220/221/222/224/231,16
GO:0120254,BP,GO:0120254,olefinic compound metabolic process,19/367,158/18614,3.28587609139912E-10,1.87035525939376E-08,1.25518646261479E-08,24/30/124/125/126/127/130/131/133/174/215/216/220/231/239/240/242/246/247,19
GO:0034367,BP,GO:0034367,protein-containing complex remodeling,10/367,32/18614,3.44565238410553E-10,1.91101182226161E-08,1.28247088736343E-08,183/185/335/336/337/338/341/344/345/348,10
GO:0003012,BP,GO:0003012,muscle system process,32/367,452/18614,4.55265277417109E-10,2.49300960772964E-08,1.67304681561144E-08,18/58/89/100/134/136/142/147/148/150/151/152/154/156/183/199/226/274/287/309/322/323/384/387/444/476/477/481/487/488/490/493,32
GO:0016042,BP,GO:0016042,lipid catabolic process,27/367,330/18614,4.78442670597713E-10,2.58717874125713E-08,1.73624327040591E-08,13/30/32/33/34/35/37/38/39/51/134/150/207/208/215/225/238/313/336/337/338/341/344/345/348/412/427,27
GO:0140115,BP,GO:0140115,export across plasma membrane,14/367,80/18614,4.86861982875668E-10,2.6002036270619E-08,1.74498420892929E-08,19/476/477/478/479/480/481/482/483/486/490/492/495/496,14
GO:0062012,BP,GO:0062012,regulation of small molecule metabolic process,27/367,331/18614,5.11681184522035E-10,2.69943024907601E-08,1.81157472004079E-08,32/33/34/37/89/117/133/136/142/205/207/208/215/225/301/335/337/338/341/343/344/345/348/351/402/405/493,27
GO:1905952,BP,GO:1905952,regulation of lipid localization,20/367,182/18614,5.68203940431787E-10,2.94192720140668E-08,1.97431326410191E-08,19/20/21/32/123/183/185/207/208/302/335/336/337/338/341/344/345/346/348/356,20
GO:0044242,BP,GO:0044242,cellular lipid catabolic process,22/367,222/18614,5.71248000273141E-10,2.94192720140668E-08,1.97431326410191E-08,13/30/32/33/34/35/37/38/39/51/207/208/215/225/313/336/337/338/341/344/345/427,22
GO:0070482,BP,GO:0070482,response to oxygen levels,27/367,333/18614,5.84777107969154E-10,2.9761714930289E-08,1.99729444430827E-08,18/81/94/100/101/133/134/158/177/205/207/210/212/283/285/317/329/355/358/360/387/405/430/468/472/481/523,27
GO:0009156,BP,GO:0009156,ribonucleoside monophosphate biosynthetic process,10/367,34/18614,6.76199484192207E-10,3.36234364208677E-08,2.25645272522941E-08,100/132/158/159/270/271/272/318/353/471,10
GO:0006939,BP,GO:0006939,smooth muscle contraction,16/367,113/18614,7.35079897071114E-10,3.61358594855641E-08,2.42506023459585E-08,18/100/134/136/148/150/151/152/154/183/322/323/387/477/490/493,16
GO:0050878,BP,GO:0050878,regulation of body fluid levels,28/367,361/18614,7.63912481881875E-10,3.71312965912471E-08,2.4918635423184E-08,18/60/71/100/112/133/134/135/150/151/152/187/231/239/242/302/308/348/350/353/358/359/360/361/362/363/462/525,28
GO:0090066,BP,GO:0090066,regulation of anatomical structure size,33/367,492/18614,9.56627149815641E-10,4.49822722837224E-08,3.01873876337705E-08,25/40/88/112/118/119/120/133/134/135/136/146/148/150/151/152/153/154/155/183/185/186/246/274/348/358/361/382/387/393/394/477/490,33
GO:0009410,BP,GO:0009410,response to xenobiotic stimulus,31/367,440/18614,9.70435725213782E-10,4.51409134115572E-08,3.02938509353663E-08,9/10/13/18/20/21/25/30/32/100/107/117/123/135/143/148/196/210/218/265/268/314/316/328/336/368/383/387/445/476/495,31
GO:0071827,BP,GO:0071827,plasma lipoprotein particle organization,11/367,46/18614,1.08441188673284E-09,4.99060193830455E-08,3.34916907459035E-08,19/183/185/335/336/337/338/341/344/345/348,11
GO:0097305,BP,GO:0097305,response to alcohol,23/367,252/18614,1.17112127043933E-09,5.33291643781108E-08,3.5788946968107E-08,2/15/18/20/31/107/108/109/111/112/113/114/117/130/131/142/196/207/210/329/387/490/498,23
GO:0061337,BP,GO:0061337,cardiac conduction,15/367,101/18614,1.27209742912248E-09,5.73238903998316E-08,3.84697884815766E-08,183/274/287/476/477/478/481/482/487/488/489/490/491/492/493,15
GO:1990573,BP,GO:1990573,potassium ion import across plasma membrane,11/367,47/18614,1.3909950864416E-09,6.17549482087066E-08,4.14434501690179E-08,476/477/478/479/480/481/482/483/486/495/496,11
GO:0046394,BP,GO:0046394,carboxylic acid biosynthetic process,26/367,328/18614,1.98802233833443E-09,8.68705518750983E-08,5.82984115802908E-08,18/31/32/33/37/47/189/215/216/220/225/239/240/241/242/246/247/301/337/341/344/345/435/440/445/493,26
GO:0036293,BP,GO:0036293,response to decreased oxygen levels,25/367,306/18614,2.21067859469576E-09,9.46870851549889E-08,6.35440496526412E-08,18/81/94/100/101/133/134/158/177/205/207/210/212/283/285/317/329/358/360/387/405/430/468/472/481,25
GO:0016053,BP,GO:0016053,organic acid biosynthetic process,26/367,331/18614,2.40974334421515E-09,1.02201467716419E-07,6.85869158239978E-08,18/31/32/33/37/47/189/215/216/220/225/239/240/241/242/246/247/301/337/341/344/345/435/440/445/493,26
GO:0006635,BP,GO:0006635,fatty acid beta-oxidation,13/367,76/18614,2.74144319467306E-09,1.1294745962053E-07,7.5798499557978E-08,30/32/33/34/35/37/38/39/51/207/208/215/225,13
GO:0009123,BP,GO:0009123,nucleoside monophosphate metabolic process,13/367,76/18614,2.74144319467306E-09,1.1294745962053E-07,7.5798499557978E-08,100/132/158/159/203/204/205/270/271/272/318/353/471,13
GO:0015986,BP,GO:0015986,proton motive force-driven ATP synthesis,13/367,76/18614,2.74144319467306E-09,1.1294745962053E-07,7.5798499557978E-08,498/506/509/513/514/515/516/517/518/521/522/523/527,13
GO:1901655,BP,GO:1901655,cellular response to ketone,15/367,107/18614,2.89648460921825E-09,1.17104602051198E-07,7.85883379461282E-08,31/107/108/109/111/112/114/196/207/358/367/383/445/490/498,15
GO:0046890,BP,GO:0046890,regulation of lipid biosynthetic process,19/367,182/18614,3.65996920832623E-09,1.40115281373622E-07,9.40306947048322E-08,20/21/33/37/133/190/207/215/225/301/337/338/341/343/344/345/348/427/476,19
GO:0006940,BP,GO:0006940,regulation of smooth muscle contraction,12/367,64/18614,3.76893049944659E-09,1.43020994215842E-07,9.59807046858144E-08,18/100/134/136/148/150/151/152/154/387/477/490,12
GO:0003014,BP,GO:0003014,renal system process,16/367,127/18614,4.2159543134977E-09,1.58593203132096E-07,1.06431139557223E-07,112/133/134/135/148/183/185/186/231/358/359/360/361/363/387/525,16
GO:0042310,BP,GO:0042310,vasoconstriction,13/367,79/18614,4.49156871373108E-09,1.67504536686213E-07,1.12411492853633E-07,25/40/133/146/148/150/151/152/183/185/387/477/490,13
GO:0010517,BP,GO:0010517,regulation of phospholipase activity,12/367,66/18614,5.45281331106623E-09,1.99071407791529E-07,1.3359586896587E-07,25/27/117/148/183/185/283/301/344/378/395/400,12
GO:0045744,BP,GO:0045744,negative regulation of G protein-coupled receptor signaling pathway,11/367,53/18614,5.47607432436244E-09,1.99071407791529E-07,1.3359586896587E-07,100/133/154/156/157/187/333/407/408/409/493,11
GO:0009124,BP,GO:0009124,nucleoside monophosphate biosynthetic process,10/367,42/18614,6.59408294779545E-09,2.35752089522009E-07,1.58212098912743E-07,100/132/158/159/270/271/272/318/353/471,10
GO:0006633,BP,GO:0006633,fatty acid biosynthetic process,17/367,161/18614,2.07005044005982E-08,7.0500693192144E-07,4.73126777681907E-07,31/32/33/37/47/215/225/239/240/242/246/247/301/337/341/344/345,17
GO:0001666,BP,GO:0001666,response to hypoxia,23/367,293/18614,2.08601218876432E-08,7.0500693192144E-07,4.73126777681907E-07,18/81/94/100/101/133/134/158/177/205/210/212/283/285/317/329/358/360/387/405/430/472/481,23
GO:0031667,BP,GO:0031667,response to nutrient levels,30/367,477/18614,2.47290040870902E-08,7.98340833438449E-07,5.35762712271758E-07,2/26/32/34/38/123/133/153/154/155/158/178/207/210/213/249/265/317/348/355/360/383/411/429/435/440/445/467/468/490,30
GO:0042311,BP,GO:0042311,vasodilation,10/367,48/18614,2.63843485378282E-08,8.45471790923296E-07,5.67392072259885E-07,134/135/136/150/153/154/155/183/186/348,10
GO:0016054,BP,GO:0016054,organic acid catabolic process,21/367,250/18614,2.70318475651425E-08,8.53574982239464E-07,5.72830085168368E-07,18/30/32/33/34/35/36/37/38/39/51/189/207/208/215/225/275/383/384/443/493,21
GO:0046395,BP,GO:0046395,carboxylic acid catabolic process,21/367,250/18614,2.70318475651425E-08,8.53574982239464E-07,5.72830085168368E-07,18/30/32/33/34/35/36/37/38/39/51/189/207/208/215/225/275/383/384/443/493,21
GO:0003073,BP,GO:0003073,regulation of systemic arterial blood pressure,13/367,94/18614,3.92714862009482E-08,1.20488261918654E-06,8.08590958881785E-07,40/133/134/147/148/153/154/155/183/185/186/367/387,13
GO:0006898,BP,GO:0006898,receptor-mediated endocytosis,21/367,256/18614,4.07804537338271E-08,1.24236790741223E-06,8.33747156396554E-07,20/43/133/154/156/157/160/161/163/284/302/341/344/345/348/375/382/407/408/409/432,21
GO:0015748,BP,GO:0015748,organophosphate ester transport,16/367,149/18614,4.26372148503948E-08,1.28985028980985E-06,8.65612355961641E-07,19/21/24/215/291/292/293/335/336/337/341/344/345/348/356/368,16
GO:0044706,BP,GO:0044706,multi-multicellular organism process,19/367,216/18614,6.03276241282129E-08,1.77535579577312E-06,1.19143277726897E-06,49/91/92/113/116/133/142/150/151/181/183/207/259/285/361/367/383/397/412,19
GO:0032368,BP,GO:0032368,regulation of lipid transport,16/367,153/18614,6.20369254811794E-08,1.81332256507826E-06,1.21691209443167E-06,19/20/21/183/185/207/208/302/335/336/337/341/344/345/348/356,16
GO:0010518,BP,GO:0010518,positive regulation of phospholipase activity,10/367,55/18614,1.0436676779848E-07,2.99000422182929E-06,2.00657752239949E-06,27/117/148/183/185/283/344/378/395/400,10
GO:0035725,BP,GO:0035725,sodium ion transmembrane transport,17/367,181/18614,1.17059704933831E-07,3.33158081278785E-06,2.23580793772511E-06,40/41/81/288/357/476/477/478/479/480/481/482/483/486/493/495/496,17
GO:0033344,BP,GO:0033344,cholesterol efflux,11/367,71/18614,1.33953484495701E-07,3.78746911064315E-06,2.54175239242616E-06,19/20/21/335/336/337/338/341/344/345/348,11
GO:0097006,BP,GO:0097006,regulation of plasma lipoprotein particle levels,12/367,87/18614,1.35477656277611E-07,3.80569052634381E-06,2.55398069729085E-06,19/183/185/302/335/336/337/338/341/344/345/348,12
GO:0009062,BP,GO:0009062,fatty acid catabolic process,13/367,105/18614,1.49741041878045E-07,4.04840950503512E-06,2.71686824217993E-06,30/32/33/34/35/37/38/39/51/207/208/215/225,13
GO:0042391,BP,GO:0042391,regulation of membrane potential,27/367,433/18614,1.50668962161501E-07,4.04840950503512E-06,2.71686824217993E-06,18/25/40/41/88/134/135/142/148/153/154/207/208/215/274/287/288/351/409/476/477/478/480/481/482/483/488,27
GO:0016101,BP,GO:0016101,diterpenoid metabolic process,12/367,88/18614,1.54119394843547E-07,4.09887978473557E-06,2.75073860532416E-06,24/124/125/126/127/128/130/131/216/220/224/231,12
GO:0014074,BP,GO:0014074,response to purine-containing compound,15/367,143/18614,1.54442303493273E-07,4.09887978473557E-06,2.75073860532416E-06,15/100/134/135/159/196/328/329/343/351/358/366/374/445/466,15
GO:0055074,BP,GO:0055074,calcium ion homeostasis,23/367,327/18614,1.55542368696716E-07,4.10290418891459E-06,2.75343936370694E-06,25/114/133/134/187/249/287/309/348/351/356/368/468/477/481/487/488/489/490/491/492/493/525,23
GO:0044703,BP,GO:0044703,multi-organism reproductive process,18/367,207/18614,1.60469757969538E-07,4.20722529076497E-06,2.82344875585317E-06,91/92/113/116/133/142/150/151/181/183/207/259/285/361/367/383/397/412,18
GO:0006814,BP,GO:0006814,sodium ion transport,20/367,254/18614,1.6816944007021E-07,4.38253613098633E-06,2.94109902164642E-06,40/41/81/154/207/288/357/476/477/478/479/480/481/482/483/486/493/495/496/525,20
GO:1901654,BP,GO:1901654,response to ketone,18/367,208/18614,1.72554280889014E-07,4.46987915644237E-06,2.99971450798551E-06,2/15/31/107/108/109/111/112/114/142/196/207/358/367/383/445/490/498,18
GO:0015837,BP,GO:0015837,amine transport,13/367,107/18614,1.87503395688564E-07,4.80737157809857E-06,3.22620405684012E-06,18/134/135/140/150/151/152/156/183/343/366/383/477,13
GO:0007565,BP,GO:0007565,female pregnancy,17/367,187/18614,1.87805315926643E-07,4.80737157809857E-06,3.22620405684012E-06,91/113/116/133/142/150/151/181/183/207/259/285/361/367/383/397/412,17
GO:0062013,BP,GO:0062013,positive regulation of small molecule metabolic process,15/367,146/18614,2.03149043795295E-07,5.16954566740262E-06,3.46925735472089E-06,89/117/133/136/207/208/215/225/301/335/337/344/348/351/405,15
GO:0051402,BP,GO:0051402,neuron apoptotic process,20/367,259/18614,2.30532372609779E-07,5.83206458426845E-06,3.9138706288567E-06,16/25/101/104/135/142/186/208/284/317/331/348/351/355/356/387/409/429/468/472,20
GO:0015980,BP,GO:0015980,energy derivation by oxidation of organic compounds,23/367,337/18614,2.66201215205841E-07,6.61831297115212E-06,4.44151815812287E-06,34/37/47/48/50/89/155/158/178/205/207/208/215/387/402/498/506/509/513/514/515/521/522,23
GO:0007162,BP,GO:0007162,negative regulation of cell adhesion,22/367,312/18614,2.78531274957428E-07,6.88529311694762E-06,4.62068725613586E-06,18/25/81/94/102/135/182/207/239/284/285/301/335/347/383/384/387/395/396/398/445/506,22
GO:0006869,BP,GO:0006869,lipid transport,27/367,447/18614,2.84112052646887E-07,6.9048805603957E-06,4.63383229568371E-06,19/20/21/24/123/183/185/207/208/215/225/301/302/319/335/336/337/338/341/344/345/346/347/348/350/356/366,27
GO:0072329,BP,GO:0072329,monocarboxylic acid catabolic process,14/367,131/18614,3.18643992176288E-07,7.65807727863679E-06,5.13929900831697E-06,30/32/33/34/35/37/38/39/51/189/207/208/215/225,14
GO:0006813,BP,GO:0006813,potassium ion transport,19/367,241/18614,3.36772037730961E-07,8.04903776366928E-06,5.40167071859257E-06,88/134/150/274/287/288/358/468/476/477/478/479/480/481/482/483/486/495/496,19
GO:0010959,BP,GO:0010959,regulation of metal ion transport,26/367,423/18614,3.39913073842392E-07,8.07947229363839E-06,5.42209518598795E-06,25/81/88/117/134/135/150/154/183/187/207/274/287/288/387/409/468/476/477/481/482/483/486/487/490/493,26
GO:0019217,BP,GO:0019217,regulation of fatty acid metabolic process,12/367,95/18614,3.62439173130911E-07,8.47519925926661E-06,5.68766565857783E-06,32/33/37/207/208/215/225/301/337/341/344/345,12
GO:0009060,BP,GO:0009060,aerobic respiration,17/367,196/18614,3.68336064864442E-07,8.56678396023429E-06,5.74912771305112E-06,47/48/50/89/158/205/215/387/402/498/506/509/513/514/515/521/522,17
GO:0019932,BP,GO:0019932,second-messenger-mediated signaling,21/367,292/18614,3.76835369596559E-07,8.71759256082735E-06,5.85033464310335E-06,89/100/107/108/116/117/133/136/183/185/186/187/196/287/348/358/466/477/481/488/493,21
GO:0072330,BP,GO:0072330,monocarboxylic acid biosynthetic process,18/367,220/18614,3.98583323250919E-07,9.07511292833408E-06,6.09026485055975E-06,31/32/33/37/47/215/220/225/239/240/242/246/247/301/337/341/344/345,18
GO:0051346,BP,GO:0051346,negative regulation of hydrolase activity,23/367,345/18614,4.02803623251529E-07,9.12318572872311E-06,6.12252627681299E-06,2/12/25/135/197/207/259/274/301/325/329/330/331/332/334/335/336/341/345/351/358/402/409,23
GO:0032371,BP,GO:0032371,regulation of sterol transport,11/367,79/18614,4.10672819909926E-07,9.20502911362871E-06,6.17745098070126E-06,19/20/21/302/335/336/337/341/344/345/348,11
GO:0032374,BP,GO:0032374,regulation of cholesterol transport,11/367,79/18614,4.10672819909926E-07,9.20502911362871E-06,6.17745098070126E-06,19/20/21/302/335/336/337/341/344/345/348,11
GO:0006942,BP,GO:0006942,regulation of striated muscle contraction,12/367,97/18614,4.56280107259534E-07,1.01745760000245E-05,6.82810925567984E-06,89/134/147/148/156/274/287/476/477/481/487/488,12
GO:0070050,BP,GO:0070050,neuron cellular homeostasis,10/367,64/18614,4.61715598804028E-07,1.02026471561507E-05,6.84694767420096E-06,134/351/488/492/523/525/526/528/529/534,10
GO:0010565,BP,GO:0010565,regulation of cellular ketone metabolic process,14/367,135/18614,4.62255858207476E-07,1.02026471561507E-05,6.84694767420096E-06,32/33/37/133/207/208/215/225/301/337/341/344/345/493,14
GO:0008202,BP,GO:0008202,steroid metabolic process,22/367,323/18614,5.03097554976313E-07,1.09366835317966E-05,7.33955597262455E-06,19/20/30/33/37/47/133/174/190/231/319/335/336/337/338/341/343/348/351/412/427/476,22
GO:0007626,BP,GO:0007626,locomotory behavior,17/367,201/18614,5.26423985269287E-07,1.13865508013747E-05,7.64145974406681E-06,18/20/111/114/135/220/238/320/321/348/351/372/409/435/460/463/477,17
GO:0001659,BP,GO:0001659,temperature homeostasis,16/367,179/18614,5.42458527385631E-07,1.16750029326878E-05,7.83503858879063E-06,18/33/37/43/89/93/116/134/153/154/155/216/249/324/406/468,16
GO:0090130,BP,GO:0090130,tissue migration,24/367,379/18614,5.70710182229817E-07,1.21708179755167E-05,8.16777769094461E-06,14/25/58/59/70/72/94/183/186/207/284/285/301/306/335/348/350/382/387/388/411/493/498/506,24
GO:0006721,BP,GO:0006721,terpenoid metabolic process,12/367,99/18614,5.71122526359198E-07,1.21708179755167E-05,8.16777769094461E-06,24/124/125/126/127/128/130/131/216/220/224/231,12
GO:0010876,BP,GO:0010876,lipid localization,28/367,497/18614,6.94203379856028E-07,1.46493844939374E-05,9.8311318184489E-06,19/20/21/24/32/123/183/185/207/208/215/225/301/302/319/335/336/337/338/341/344/345/346/347/348/350/356/366,28
GO:1990845,BP,GO:1990845,adaptive thermogenesis,15/367,161/18614,7.24239316996743E-07,1.52090256569316E-05,1.02067043243588E-05,33/43/89/93/116/153/154/155/216/249/291/292/324/406/468,15
GO:0043270,BP,GO:0043270,positive regulation of monoatomic ion transport,18/367,231/18614,8.1580415870586E-07,1.69671576469305E-05,1.13865782880099E-05,25/81/88/117/134/150/154/187/207/287/288/409/481/482/483/486/487/490,18
GO:2000401,BP,GO:2000401,regulation of lymphocyte migration,10/367,68/18614,8.26377275928881E-07,1.7077902127673E-05,1.14608983789868E-05,25/27/101/102/199/207/326/347/351/387,10
GO:0032970,BP,GO:0032970,regulation of actin filament-based process,24/367,387/18614,8.29024375129755E-07,1.7077902127673E-05,1.14608983789868E-05,25/27/59/71/88/118/119/120/134/246/274/287/335/375/382/387/389/391/395/396/397/477/487/488,24
GO:0007265,BP,GO:0007265,Ras protein signal transduction,22/367,333/18614,8.40964687798352E-07,1.70912805818792E-05,1.14698765955721E-05,19/25/27/148/150/185/199/335/345/348/382/387/388/391/392/393/394/395/396/397/398/408,22
GO:0001523,BP,GO:0001523,retinoid metabolic process,11/367,85/18614,8.72446317729878E-07,1.75544314906951E-05,1.17806949537283E-05,24/124/125/126/127/128/130/131/216/220/231,11
GO:0019935,BP,GO:0019935,cyclic-nucleotide-mediated signaling,11/367,85/18614,8.72446317729878E-07,1.75544314906951E-05,1.17806949537283E-05,107/108/116/117/133/136/187/196/348/358/466,11
GO:0098739,BP,GO:0098739,import across plasma membrane,17/367,212/18614,1.11025854178151E-06,2.21335412522896E-05,1.48537135980277E-05,183/207/208/343/383/476/477/478/479/480/481/482/483/486/493/495/496,17
GO:0031623,BP,GO:0031623,receptor internalization,13/367,125/18614,1.15192893424179E-06,2.28589200437156E-05,1.53405118331186E-05,43/133/156/157/160/161/163/284/302/375/407/408/409,13
GO:0030100,BP,GO:0030100,regulation of endocytosis,17/367,214/18614,1.26465231374148E-06,2.48676632238438E-05,1.66885697669809E-05,20/25/27/60/71/246/274/284/302/341/344/345/348/375/382/408/409,17
GO:0007264,BP,GO:0007264,small GTPase mediated signal transduction,27/367,483/18614,1.28067688687357E-06,2.50688154416971E-05,1.68235620576199E-05,19/25/27/29/117/148/150/185/199/335/345/348/382/387/388/389/390/391/392/393/394/395/396/397/398/403/408,27
GO:0007568,BP,GO:0007568,aging,15/367,169/18614,1.34324138798692E-06,2.61750551550965E-05,1.75659542345563E-05,18/133/148/155/183/249/267/268/317/328/347/383/445/490/498,15
GO:0042180,BP,GO:0042180,cellular ketone metabolic process,17/367,216/18614,1.43820913927517E-06,2.77754140022518E-05,1.86399473971848E-05,32/33/37/127/133/174/207/208/215/225/231/301/337/341/344/345/493,17
GO:1902652,BP,GO:1902652,secondary alcohol metabolic process,14/367,150/18614,1.66332538672711E-06,3.18386974468206E-05,2.13667974689956E-05,19/33/37/47/50/319/335/336/337/338/341/343/348/351,14
GO:0055088,BP,GO:0055088,lipid homeostasis,15/367,172/18614,1.67713939038135E-06,3.19616960475318E-05,2.14493412412324E-05,19/20/21/31/51/134/215/335/336/337/338/344/345/346/348,15
GO:0062197,BP,GO:0062197,cellular response to chemical stress,22/367,349/18614,1.83180540220293E-06,3.46043238861566E-05,2.32227961354892E-05,25/142/199/207/215/221/231/240/301/318/328/337/355/358/362/383/388/405/406/468/472/488,22
GO:0002028,BP,GO:0002028,regulation of sodium ion transport,11/367,92/18614,1.9435968965399E-06,3.63982691533837E-05,2.44267042180773E-05,81/154/207/288/476/477/481/482/483/486/493,11
GO:0001667,BP,GO:0001667,ameboidal-type cell migration,27/367,496/18614,2.11862803651796E-06,3.91674567776782E-05,2.62850927787519E-05,14/25/59/90/91/94/183/186/207/284/285/301/306/309/335/348/350/358/382/387/388/393/397/411/493/498/506,27
GO:1902074,BP,GO:1902074,response to salt,23/367,383/18614,2.42947819906604E-06,4.41593390300828E-05,2.96351210660068E-05,15/18/26/43/58/71/107/113/114/118/156/199/210/241/246/249/265/311/359/360/368/429/493,23
GO:0033559,BP,GO:0033559,unsaturated fatty acid metabolic process,12/367,114/18614,2.6184993693961E-06,0.0000473959341925001,3.18071845883921E-05,30/51/215/225/231/239/240/242/246/247/301/525,12
GO:0098659,BP,GO:0098659,inorganic cation import across plasma membrane,13/367,136/18614,2.99513936471834E-06,5.37633729949026E-05,3.60803422926105E-05,343/476/477/478/479/480/481/482/483/486/493/495/496,13
GO:0099587,BP,GO:0099587,inorganic ion import across plasma membrane,13/367,136/18614,2.99513936471834E-06,5.37633729949026E-05,3.60803422926105E-05,343/476/477/478/479/480/481/482/483/486/493/495/496,13
GO:0008277,BP,GO:0008277,regulation of G protein-coupled receptor signaling pathway,13/367,137/18614,3.25107544877497E-06,5.78771703349815E-05,3.88410919979266E-05,55/100/116/133/154/156/157/187/333/407/408/409/493,13
GO:0051952,BP,GO:0051952,regulation of amine transport,11/367,98/18614,3.64614637766876E-06,6.41188180072969E-05,4.30298318768097E-05,18/134/135/140/150/151/152/156/183/383/477,11
GO:0097306,BP,GO:0097306,cellular response to alcohol,11/367,98/18614,3.64614637766876E-06,6.41188180072969E-05,4.30298318768097E-05,31/107/108/109/111/112/113/114/196/207/490,11
GO:0010594,BP,GO:0010594,regulation of endothelial cell migration,17/367,232/18614,3.81151486148317E-06,6.64863439144201E-05,4.4618667181539E-05,14/25/94/183/186/207/284/285/301/306/348/350/387/388/493/498/506,17
GO:0051051,BP,GO:0051051,negative regulation of transport,26/367,483/18614,4.02009525399727E-06,6.94663281967757E-05,4.66185203705154E-05,18/20/41/88/100/134/150/151/152/207/208/274/284/288/301/302/336/341/344/345/347/348/382/392/468/477,26
GO:0019218,BP,GO:0019218,regulation of steroid metabolic process,11/367,99/18614,4.03052435908245E-06,6.94663281967757E-05,4.66185203705154E-05,20/33/37/133/190/335/338/343/348/427/476,11
GO:0006720,BP,GO:0006720,isoprenoid metabolic process,12/367,119/18614,4.11879664567544E-06,7.07060090840951E-05,4.74504642805884E-05,24/124/125/126/127/128/130/131/216/220/224/231,12
GO:0008203,BP,GO:0008203,cholesterol metabolic process,13/367,140/18614,4.1390582701657E-06,0.0000707729884456001,4.74954138095153E-05,19/33/37/47/319/335/336/337/338/341/343/348/351,13
GO:0006816,BP,GO:0006816,calcium ion transport,25/367,455/18614,4.32435507482147E-06,7.36502364318018E-05,4.94263211618632E-05,25/41/117/135/148/150/183/187/274/287/302/304/309/356/387/409/477/481/487/488/489/490/491/492/493,25
GO:0035023,BP,GO:0035023,regulation of Rho protein signal transduction,10/367,83/18614,5.3195781181541E-06,8.95427818643372E-05,6.00917323361418E-05,19/25/27/148/335/345/348/396/397/408,10
GO:0070997,BP,GO:0070997,neuron death,22/367,373/18614,5.3771520504004E-06,9.01610843799695E-05,6.050667219504E-05,16/25/101/104/134/135/142/186/207/208/284/317/331/348/351/355/356/387/409/429/468/472,22
GO:0098657,BP,GO:0098657,import into cell,18/367,265/18614,5.74891949793698E-06,9.5653175954136E-05,6.41923885640088E-05,60/183/207/208/343/383/476/477/478/479/480/481/482/483/486/493/495/496,18
GO:0006885,BP,GO:0006885,regulation of pH,11/367,103/18614,5.94520221787392E-06,9.85400183698183E-05,6.612973469206E-05,356/479/480/495/496/506/523/525/526/527/533,11
GO:0006979,BP,GO:0006979,response to oxidative stress,24/367,434/18614,6.04809312687222E-06,9.98627895681268E-05,6.70174401121478E-05,25/142/199/207/210/215/221/240/301/318/328/337/347/348/351/358/374/383/388/405/406/468/475/488,24
GO:0030301,BP,GO:0030301,cholesterol transport,12/367,124/18614,6.32927144499224E-06,0.000103931497737352,6.97479306907112E-05,19/20/21/302/335/336/337/338/341/344/345/348,12
GO:0042445,BP,GO:0042445,hormone metabolic process,17/367,241/18614,6.34256019478984E-06,0.000103931497737352,6.97479306907112E-05,15/102/124/125/126/127/130/131/133/174/216/220/223/231/405/438/476,17
GO:0042886,BP,GO:0042886,amide transport,21/367,349/18614,6.48253550657636E-06,0.000105824334345092,0.0000710182042786002,18/19/20/93/111/114/116/134/135/150/215/240/301/320/343/358/360/364/366/406/477,21
GO:0015914,BP,GO:0015914,phospholipid transport,11/367,104/18614,6.53275142456457E-06,0.000106243167904761,7.1299281475857E-05,19/21/24/335/336/337/341/344/345/348/356,11
GO:0071805,BP,GO:0071805,potassium ion transmembrane transport,16/367,217/18614,6.78444989633063E-06,0.000109923334275379,7.37690235130293E-05,88/274/287/288/358/476/477/478/479/480/481/482/483/486/495/496,16
GO:0010632,BP,GO:0010632,regulation of epithelial cell migration,19/367,295/18614,6.83554723445647E-06,0.000110337975135294,7.4047287009548E-05,14/25/94/183/186/207/284/285/301/306/348/350/382/387/388/411/493/498/506,19
GO:0045333,BP,GO:0045333,cellular respiration,17/367,243/18614,7.07761733491899E-06,0.000113639734822394,7.62630821325553E-05,47/48/50/89/158/205/215/387/402/498/506/509/513/514/515/521/522,17
GO:0120161,BP,GO:0120161,regulation of cold-induced thermogenesis,13/367,147/18614,7.09263254786092E-06,0.000113639734822394,7.62630821325553E-05,33/43/89/93/116/153/154/155/216/249/324/406/468,13
GO:0106106,BP,GO:0106106,cold-induced thermogenesis,13/367,148/18614,7.63928982062629E-06,0.000121498410897167,8.15370020328456E-05,33/43/89/93/116/153/154/155/216/249/324/406/468,13
GO:0099003,BP,GO:0099003,vesicle-mediated transport in synapse,16/367,220/18614,8.07493259594726E-06,0.000127956624212703,8.58710780783596E-05,60/71/160/161/163/273/274/382/396/488/523/525/526/528/529/534,16
GO:0050727,BP,GO:0050727,regulation of inflammatory response,23/367,414/18614,8.78244760128104E-06,0.000138660103369131,9.30541317108456E-05,54/100/101/134/135/136/177/183/185/197/240/241/246/301/313/325/329/330/331/335/348/351/472,23
GO:0031214,BP,GO:0031214,biomineral tissue development,14/367,173/18614,8.87442814222531E-06,0.000139602822339152,9.36867858995499E-05,89/90/92/93/154/197/240/246/249/258/265/266/468/490,14
GO:0043266,BP,GO:0043266,regulation of potassium ion transport,11/367,108/18614,9.41953247433237E-06,0.000147107933155097,9.87234298468883E-05,88/134/150/274/287/288/468/481/482/483/486,11
GO:0045834,BP,GO:0045834,positive regulation of lipid metabolic process,13/367,151/18614,9.50878987678956E-06,0.000147967715852488,9.93004258999834E-05,13/133/134/207/208/215/225/301/335/336/337/344/348,13
GO:0006874,BP,GO:0006874,intracellular calcium ion homeostasis,19/367,303/18614,1.00072987040647E-05,0.000153647949154393,0.000103112403281947,25/114/134/187/287/309/348/351/356/468/477/481/487/488/489/490/491/492/493,19
GO:0051591,BP,GO:0051591,response to cAMP,10/367,89/18614,1.00158857285111E-05,0.000153647949154393,0.000103112403281947,15/196/328/329/343/351/358/366/374/445,10
GO:0070588,BP,GO:0070588,calcium ion transmembrane transport,21/367,360/18614,1.04093241132223E-05,0.000158558929978167,0.000106408139007661,25/41/117/148/150/187/274/287/302/304/309/356/477/481/487/488/489/490/491/492/493,21
GO:0071248,BP,GO:0071248,cellular response to metal ion,15/367,200/18614,1.07124478771453E-05,0.000162035138169688,0.000108741005687033,26/107/113/114/118/142/207/210/241/246/288/351/358/359/468,15
GO:0043393,BP,GO:0043393,regulation of protein binding,15/367,201/18614,1.13723435288742E-05,0.000171417275630348,0.000115037313231744,25/60/118/119/154/166/207/267/284/302/348/351/409/488/489,15
GO:0016125,BP,GO:0016125,sterol metabolic process,13/367,155/18614,1.26225196109692E-05,0.000185731359989976,0.000124643426734884,19/33/37/47/319/335/336/337/338/341/343/348/351,13
GO:0007584,BP,GO:0007584,response to nutrient,13/367,156/18614,1.3528731212564E-05,0.000197720578464703,0.000132689333870027,2/158/178/210/249/265/317/360/383/411/429/445/490,13
GO:0001822,BP,GO:0001822,kidney development,19/367,310/18614,1.380855495911E-05,0.000200455734070839,0.000134524883706201,38/59/93/162/163/182/183/185/186/231/284/285/317/358/359/384/387/403/445,19
GO:0043542,BP,GO:0043542,endothelial cell migration,18/367,283/18614,1.41331478020337E-05,0.000204481596627418,0.000137226620799187,14/25/94/183/186/207/284/285/301/306/335/348/350/387/388/493/498/506,18
GO:0071241,BP,GO:0071241,cellular response to inorganic substance,16/367,231/18614,1.48893654319033E-05,0.000213282764431833,0.000143133042388251,26/107/113/114/118/142/207/210/241/246/288/351/358/359/468/498,16
GO:0042476,BP,GO:0042476,odontogenesis,12/367,135/18614,1.51413527696193E-05,0.000214758990430731,0.000144123730590543,92/93/133/249/258/265/266/358/360/362/363/387,12
GO:0002526,BP,GO:0002526,acute inflammatory response,11/367,114/18614,1.58148856701328E-05,0.000222859074277804,0.000149559658091389,2/12/90/101/134/150/197/241/325/336/445,11
GO:0006941,BP,GO:0006941,striated muscle contraction,14/367,182/18614,1.58154729087577E-05,0.000222859074277804,0.000149559658091389,89/134/147/148/156/226/274/287/384/476/477/481/487/488,14
GO:0046031,BP,GO:0046031,ADP metabolic process,10/367,94/18614,1.63219797768069E-05,0.000227038213872883,0.000152364258671293,89/203/204/205/226/229/230/351/402/405,10
GO:0061041,BP,GO:0061041,regulation of wound healing,12/367,137/18614,1.7571101640011E-05,0.000243630082354768,0.000163498982196863,18/59/71/150/239/240/301/302/325/348/350/462,12
GO:0071383,BP,GO:0071383,cellular response to steroid hormone stimulus,15/367,209/18614,1.8090939613575E-05,0.000250036436959507,0.00016779825610977,90/142/190/301/358/367/383/387/406/445/476/477/478/490/498,15
GO:0034764,BP,GO:0034764,positive regulation of transmembrane transport,16/367,235/18614,1.84182850532376E-05,0.000252721636020695,0.000169600280347733,25/81/88/117/154/183/187/207/208/287/288/481/482/483/486/487,16
GO:0035592,BP,GO:0035592,establishment of protein localization to extracellular region,21/367,374/18614,1.84604801161673E-05,0.000252721636020695,0.000169600280347733,18/19/43/93/101/111/114/116/135/150/162/164/173/240/283/301/322/348/379/382/406,21
GO:0015918,BP,GO:0015918,sterol transport,12/367,138/18614,1.8908710634656E-05,0.000258041268787136,0.000173170260436266,19/20/21/302/335/336/337/338/341/344/345/348,12
GO:0030336,BP,GO:0030336,negative regulation of cell migration,21/367,375/18614,1.92082409602757E-05,0.000260485424433081,0.00017481052159195,94/100/104/134/140/182/186/199/207/247/285/328/347/348/350/387/388/393/397/482/493,21
GO:0006520,BP,GO:0006520,amino acid metabolic process,18/367,290/18614,1.96261799958443E-05,0.00026285713517654,0.000176402165320314,16/18/36/38/95/159/189/216/275/383/384/420/435/440/443/445/468/493,18
GO:0034599,BP,GO:0034599,cellular response to oxidative stress,18/367,290/18614,1.96261799958443E-05,0.00026285713517654,0.000176402165320314,25/142/199/207/215/221/240/301/318/328/337/358/383/388/405/406/468/488,18
GO:0072001,BP,GO:0072001,renal system development,19/367,320/18614,2.14894325775885E-05,0.000285163451934503,0.000191371827733255,38/59/93/162/163/182/183/185/186/231/284/285/317/358/359/384/387/403/445,19
GO:0042060,BP,GO:0042060,wound healing,23/367,439/18614,2.23933044948829E-05,0.000295263110541851,0.000198149660285282,18/59/60/71/94/135/150/151/152/239/240/246/301/302/308/309/325/348/350/358/387/389/462,23
GO:0007015,BP,GO:0007015,actin filament organization,23/367,442/18614,2.49188443882342E-05,0.000326663396434852,0.000219222241858852,25/58/70/71/87/88/118/119/120/199/226/246/274/283/335/357/375/382/387/389/391/395/408,23
GO:0071692,BP,GO:0071692,protein localization to extracellular region,21/367,382/18614,2.5252618195428E-05,0.000330038750191606,0.000221487425609765,18/19/43/93/101/111/114/116/135/150/162/164/173/240/283/301/322/348/379/382/406,21
GO:0030282,BP,GO:0030282,bone mineralization,11/367,121/18614,2.77579255106056E-05,0.000360602960236876,0.000241998920683579,89/90/92/93/154/197/240/246/249/468/490,11
GO:0006641,BP,GO:0006641,triglyceride metabolic process,10/367,100/18614,2.81488243303503E-05,0.0003634979523973,0.00024394173606632,13/336/337/338/339/341/344/345/348/350,10
GO:0055092,BP,GO:0055092,sterol homeostasis,10/367,100/18614,2.81488243303503E-05,0.0003634979523973,0.00024394173606632,19/20/215/335/336/337/338/344/345/348,10
GO:0071675,BP,GO:0071675,regulation of mononuclear cell migration,11/367,122/18614,2.99791085729978E-05,0.000383697111499374,0.00025749729506175,25/27/101/102/177/199/207/326/347/351/387,11
GO:0070167,BP,GO:0070167,regulation of biomineral tissue development,10/367,101/18614,3.07028874736901E-05,0.000391801449000541,0.0002629360771695,89/90/92/93/154/197/240/265/468/490,10
GO:0007009,BP,GO:0007009,plasma membrane organization,13/367,170/18614,3.37216448140121E-05,0.000426549226507065,0.000286255144343014,167/207/208/215/225/274/287/288/302/309/356/367/488,13
GO:2000146,BP,GO:2000146,negative regulation of cell motility,21/367,390/18614,3.4210358889931E-05,0.000431469424366885,0.000289557065577504,94/100/104/134/140/182/186/199/207/247/285/328/347/348/350/387/388/393/397/482/493,21
GO:0150115,BP,GO:0150115,cell-substrate junction organization,10/367,103/18614,3.64105337726387E-05,0.000452620600863319,0.000303751518889708,25/71/87/88/89/94/347/382/387/395,10
GO:0006119,BP,GO:0006119,oxidative phosphorylation,12/367,148/18614,3.79904987187261E-05,0.000469562564163455,0.00031512118937217,89/205/215/387/498/506/509/513/514/515/521/522,12
GO:0050804,BP,GO:0050804,modulation of chemical synaptic transmission,24/367,487/18614,0.0000398533629872,0.000489788773530191,0.000328694901670747,25/29/41/43/107/114/134/135/136/140/148/150/154/177/183/320/321/348/351/375/409/468/477/488,24
GO:0052547,BP,GO:0052547,regulation of peptidase activity,22/367,425/18614,4.04223189808645E-05,0.000492671956373013,0.000330629791876966,2/12/135/177/197/207/259/274/317/329/330/331/332/334/351/355/356/358/387/409/444/489,22
GO:0099504,BP,GO:0099504,synaptic vesicle cycle,14/367,198/18614,4.04296219399953E-05,0.000492671956373013,0.000330629791876966,60/71/163/273/274/382/396/488/523/525/526/528/529/534,14
GO:0099177,BP,GO:0099177,regulation of trans-synaptic signaling,24/367,488/18614,4.11691538811908E-05,0.000498873276442665,0.00033479146809472,25/29/41/43/107/114/134/135/136/140/148/150/154/177/183/320/321/348/351/375/409/468/477/488,24
GO:0052548,BP,GO:0052548,regulation of endopeptidase activity,19/367,336/18614,4.18837497852125E-05,0.000506114808857065,0.00033965122583833,2/12/135/177/197/207/274/317/329/330/331/332/355/356/358/387/409/444/489,19
GO:0040013,BP,GO:0040013,negative regulation of locomotion,22/367,427/18614,4.33561176244592E-05,0.000520996013453918,0.0003496379310183,94/100/104/134/135/140/182/186/199/207/247/285/328/347/348/350/387/388/393/397/482/493,22
GO:0043434,BP,GO:0043434,response to peptide hormone,22/367,427/18614,4.33561176244592E-05,0.000520996013453918,0.0003496379310183,15/88/112/114/133/142/181/183/185/186/197/207/208/249/301/324/328/353/374/383/445/490,22
GO:0034767,BP,GO:0034767,positive regulation of monoatomic ion transmembrane transport,13/367,175/18614,4.56266275849017E-05,0.000542254920143639,0.000363904681547597,25/81/88/117/154/187/287/288/481/482/483/486/487,13
GO:0002027,BP,GO:0002027,regulation of heart rate,10/367,106/18614,4.66619454715949E-05,0.000550026092943105,0.000369119878418639,100/133/147/148/153/183/186/274/287/488,10
GO:0009135,BP,GO:0009135,purine nucleoside diphosphate metabolic process,10/367,106/18614,4.66619454715949E-05,0.000550026092943105,0.000369119878418639,89/203/204/205/226/229/230/351/402/405,10
GO:0009179,BP,GO:0009179,purine ribonucleoside diphosphate metabolic process,10/367,106/18614,4.66619454715949E-05,0.000550026092943105,0.000369119878418639,89/203/204/205/226/229/230/351/402/405,10
GO:0006639,BP,GO:0006639,acylglycerol metabolic process,11/367,128/18614,4.68042254018054E-05,0.000550204019261441,0.000369239283919277,13/283/336/337/338/339/341/344/345/348/350,11
GO:0043535,BP,GO:0043535,regulation of blood vessel endothelial cell migration,12/367,152/18614,4.93726393524323E-05,0.000572616723427941,0.000384280342412892,25/94/186/207/284/285/301/348/387/493/498/506,12
GO:1904064,BP,GO:1904064,positive regulation of cation transmembrane transport,12/367,152/18614,4.93726393524323E-05,0.000572616723427941,0.000384280342412892,25/81/88/117/187/287/288/481/482/483/486/487,12
GO:0006638,BP,GO:0006638,neutral lipid metabolic process,11/367,129/18614,5.02798581931744E-05,0.000578485815275724,0.000388219061861072,13/283/336/337/338/339/341/344/345/348/350,11
GO:0062014,BP,GO:0062014,negative regulation of small molecule metabolic process,10/367,107/18614,5.05848434974136E-05,0.000580451015835043,0.000389537898550514,32/33/37/89/142/207/341/345/348/493,10
GO:0010631,BP,GO:0010631,epithelial cell migration,20/367,371/18614,5.16638600038182E-05,0.000591264175599252,0.000396794558313925,14/25/94/183/186/207/284/285/301/306/335/348/350/382/387/388/411/493/498/506,20
GO:0009306,BP,GO:0009306,protein secretion,20/367,373/18614,5.56644889618432E-05,0.000633696261181404,0.000425270527858071,18/19/43/93/101/111/114/116/135/150/162/164/240/283/301/322/348/379/382/406,20
GO:0043534,BP,GO:0043534,blood vessel endothelial cell migration,13/367,179/18614,5.7636723273515E-05,0.000652396282986479,0.000437820022988712,25/94/186/207/284/285/301/335/348/387/493/498/506,13
GO:0090132,BP,GO:0090132,epithelium migration,20/367,374/18614,5.77664103655539E-05,0.000652396282986479,0.000437820022988712,14/25/94/183/186/207/284/285/301/306/335/348/350/382/387/388/411/493/498/506,20
GO:0032147,BP,GO:0032147,activation of protein kinase activity,10/367,109/18614,5.92793953826163E-05,0.000666084842662852,0.000447006349870829,25/93/114/150/151/152/154/183/283/284,10
GO:1901653,BP,GO:1901653,cellular response to peptide,20/367,375/18614,5.99387015996541E-05,0.000667492774955159,0.000447951206493498,88/112/114/142/154/177/183/185/186/197/207/208/324/328/351/353/383/445/478/490,20
GO:1901605,BP,GO:1901605,alpha-amino acid metabolic process,14/367,206/18614,6.22494871563263E-05,0.000690490465226327,0.000463384846362072,36/38/159/189/275/383/384/420/435/440/443/445/468/493,14
GO:0051235,BP,GO:0051235,maintenance of location,19/367,347/18614,6.45263313828028E-05,0.000709243938978334,0.000475970212838467,19/25/32/123/187/207/213/287/288/301/309/335/338/346/348/356/402/477/487,19
GO:0048732,BP,GO:0048732,gland development,22/367,441/18614,6.98253739102684E-05,0.000758956199838746,0.000509331873167205,25/34/38/50/100/190/207/208/220/247/301/326/335/353/367/374/382/383/394/429/445/472,22
GO:0010466,BP,GO:0010466,negative regulation of peptidase activity,15/367,236/18614,7.35932079750136E-05,0.000797905307518569,0.000535470432911456,2/12/135/197/207/259/274/329/330/331/332/334/351/358/409,15
GO:1905954,BP,GO:1905954,positive regulation of lipid localization,10/367,112/18614,7.46905793605737E-05,0.000807778615784604,0.000542096362832795,19/21/32/123/302/335/338/346/348/356,10
GO:0016241,BP,GO:0016241,regulation of macroautophagy,12/367,159/18614,7.64614617382065E-05,0.000824868537355315,0.000553565327402477,154/207/291/292/523/525/526/527/528/529/533/534,12
GO:0034329,BP,GO:0034329,cell junction assembly,22/367,444/18614,7.7095282645413E-05,0.000829340907946732,0.000556566713900549,25/40/43/60/71/87/88/89/94/119/183/187/287/324/347/351/382/387/389/395/402/421,22
GO:0032414,BP,GO:0032414,positive regulation of ion transmembrane transporter activity,10/367,113/18614,8.05302909344266E-05,0.000858064134439235,0.000575842733723486,81/88/154/287/288/481/482/483/486/487,10
GO:0010951,BP,GO:0010951,negative regulation of endopeptidase activity,12/367,160/18614,8.12217580171006E-05,0.000863305467277585,0.000579360167105039,2/12/135/197/207/274/329/330/331/332/358/409,12
GO:0060048,BP,GO:0060048,cardiac muscle contraction,11/367,138/18614,9.28925232881707E-05,0.000965992922463044,0.000648273226793458,134/147/148/156/274/287/476/477/481/487/488,11
GO:0048259,BP,GO:0048259,regulation of receptor-mediated endocytosis,10/367,115/18614,9.33785572875022E-05,0.000968718558335095,0.000650102387981651,20/284/302/341/344/345/375/382/408/409,10
GO:0051056,BP,GO:0051056,regulation of small GTPase mediated signal transduction,17/367,298/18614,9.48598787968759E-05,0.000981731664294941,0.000658835421107489,19/25/27/29/117/148/335/345/348/382/392/393/394/395/396/397/408,17
GO:0042157,BP,GO:0042157,lipoprotein metabolic process,11/367,139/18614,9.91280000291532E-05,0.00102345519839169,0.000686835885141074,19/242/335/336/338/339/341/345/347/348/472,11
GO:0009185,BP,GO:0009185,ribonucleoside diphosphate metabolic process,10/367,116/18614,0.000100428022076132,0.00103440862738416,0.00069418667891221,89/203/204/205/226/229/230/351/402/405,10
GO:0051260,BP,GO:0051260,protein homooligomerization,13/367,191/18614,0.000111583646430675,0.00113846899636581,0.00076402109447816,21/31/32/41/114/210/220/223/226/241/359/361/362,13
GO:0055001,BP,GO:0055001,muscle cell development,13/367,192/18614,0.000117596709212441,0.00119418630059395,0.000801412710669417,58/70/71/81/87/88/89/133/148/183/274/287/488,13
GO:0045860,BP,GO:0045860,positive regulation of protein kinase activity,19/367,366/18614,0.000129929792010059,0.00128916578035669,0.000865152984943852,25/93/101/114/116/134/148/150/151/152/154/177/183/207/283/284/374/387/493,19
GO:0016050,BP,GO:0016050,vesicle organization,19/367,368/18614,0.000139413920922256,0.00137381462849585,0.000921960421780557,19/162/164/208/301/302/348/356/357/358/434/523/525/526/527/528/529/533/534,19
GO:1903034,BP,GO:1903034,regulation of response to wounding,12/367,170/18614,0.000144688961056892,0.00141932980846285,0.00095250544120995,18/59/71/150/239/240/301/302/325/348/350/462,12
GO:0072676,BP,GO:0072676,lymphocyte migration,10/367,122/18614,0.000152892570817511,0.0014863219356327,0.000997463537113414,25/27/101/102/199/207/326/347/351/387,10
GO:0002685,BP,GO:0002685,regulation of leukocyte migration,14/367,227/18614,0.000174423459165268,0.0016475019308929,0.0011056306604868,25/27/100/101/102/134/177/199/207/301/326/347/351/387,14
GO:0032411,BP,GO:0032411,positive regulation of transporter activity,10/367,124/18614,0.000174847125430968,0.00164790558739514,0.00110590155243346,81/88/154/287/288/481/482/483/486/487,10
GO:1902903,BP,GO:1902903,regulation of supramolecular fiber organization,19/367,376/18614,0.000183727021165985,0.00172035301637241,0.00115452067526951,25/71/88/118/119/120/165/246/274/324/335/348/351/375/382/387/389/395/402,19
GO:0006690,BP,GO:0006690,icosanoid metabolic process,10/367,125/18614,0.000186782739065222,0.00174142700257791,0.00116866332654692,51/231/239/240/241/242/246/247/301/525,10
GO:0032956,BP,GO:0032956,regulation of actin cytoskeleton organization,18/367,346/18614,0.000189460200031171,0.00176259102222547,0.00118286639883638,25/27/71/88/118/119/120/246/274/335/375/382/387/389/391/395/396/397,18
GO:0071674,BP,GO:0071674,mononuclear cell migration,13/367,202/18614,0.000194837933702443,0.00179414497221265,0.00120404210364807,25/27/101/102/177/199/207/240/301/326/347/351/387,13
GO:2000377,BP,GO:2000377,regulation of reactive oxygen species metabolic process,11/367,150/18614,0.000194925597998138,0.00179414497221265,0.00120404210364807,22/54/183/185/215/225/240/329/378/384/387,11
GO:0051047,BP,GO:0051047,positive regulation of secretion,17/367,317/18614,0.000198994323265765,0.00182383356450784,0.00122396597584072,18/43/101/114/116/134/135/136/156/164/183/242/283/302/322/358/382,17
GO:0043281,BP,GO:0043281,regulation of cysteine-type endopeptidase activity involved in apoptotic process,13/367,204/18614,0.000214645796923676,0.00195102095072727,0.00130932082198355,135/207/317/329/330/331/332/355/356/358/387/409/489,13
GO:0032102,BP,GO:0032102,negative regulation of response to external stimulus,21/367,446/18614,0.00022529803578067,0.00202627713677168,0.00135982488824399,2/18/54/100/103/134/135/142/199/239/240/285/302/313/325/335/348/350/383/384/409,21
GO:0007204,BP,GO:0007204,positive regulation of cytosolic calcium ion concentration,12/367,179/18614,0.00023421302641956,0.00208976219009898,0.00140242940367739,25/27/111/114/116/117/133/146/147/148/183/185,12
GO:2000116,BP,GO:2000116,regulation of cysteine-type endopeptidase activity,14/367,234/18614,0.000238774759882764,0.00212539014661077,0.0014263391547686,135/207/317/329/330/331/332/355/356/358/387/409/444/489,14
GO:0046683,BP,GO:0046683,response to organophosphorus,10/367,129/18614,0.00024160950409484,0.00214180884162762,0.00143735766241063,15/196/328/329/343/351/358/366/374/445,10
GO:0072593,BP,GO:0072593,reactive oxygen species metabolic process,14/367,237/18614,0.000272059013509769,0.00237241081620484,0.0015921135438336,22/51/54/183/185/215/225/239/240/329/337/378/384/387,14
GO:0010595,BP,GO:0010595,positive regulation of endothelial cell migration,10/367,131/18614,0.000273720484949833,0.00237241081620484,0.0015921135438336,14/25/183/207/284/301/306/388/498/506,10
GO:0030048,BP,GO:0030048,actin filament-based movement,10/367,131/18614,0.000273720484949833,0.00237241081620484,0.0015921135438336,59/70/81/134/274/287/476/477/487/488,10
GO:0071496,BP,GO:0071496,cellular response to external stimulus,17/367,327/18614,0.000286280627329693,0.00245237622540248,0.0016457779472127,26/123/136/166/183/199/213/355/358/359/360/432/440/467/468/477/490,17
GO:0022407,BP,GO:0022407,regulation of cell-cell adhesion,22/367,491/18614,0.000319957308356021,0.00269811952426539,0.00181069509889382,18/25/27/60/86/100/101/135/177/182/199/207/239/240/288/301/335/383/384/387/399/445,22
GO:0009132,BP,GO:0009132,nucleoside diphosphate metabolic process,10/367,134/18614,0.000328532246514632,0.00275967087072291,0.00185200191290211,89/203/204/205/226/229/230/351/402/405,10
GO:0043410,BP,GO:0043410,positive regulation of MAPK cascade,22/367,495/18614,0.000357451927477163,0.00298520663757955,0.00200335788657187,25/59/101/116/134/147/148/150/151/152/154/155/177/242/246/284/331/348/351/367/408/409,22
GO:0001503,BP,GO:0001503,ossification,20/367,429/18614,0.000359411285071554,0.00299318938810474,0.00200871507224198,43/89/90/92/93/103/154/182/197/207/240/246/249/265/374/387/468/490/506/525,20
GO:0051017,BP,GO:0051017,actin filament bundle assembly,11/367,161/18614,0.000359791604672784,0.00299318938810474,0.00200871507224198,25/71/87/118/119/199/335/387/389/395/408,11
GO:0048511,BP,GO:0048511,rhythmic process,16/367,303/18614,0.000361491186784433,0.00300155638009493,0.00201433012052019,2/15/107/134/135/142/153/174/181/196/268/406/409/445/463/468,16
GO:0033674,BP,GO:0033674,positive regulation of kinase activity,20/367,430/18614,0.000370270866845699,0.00305685452285209,0.00205144043945448,25/93/101/114/116/134/148/150/151/152/154/177/183/207/238/283/284/374/387/493,20
GO:0030041,BP,GO:0030041,actin filament polymerization,11/367,162/18614,0.000379335103058796,0.00310796146937945,0.00208573806665901,25/118/119/120/199/246/274/283/382/387/395,11
GO:0015711,BP,GO:0015711,organic anion transport,20/367,433/18614,0.000404586010755886,0.00328992308746233,0.00220785163764292,18/123/134/135/183/189/207/208/215/225/291/292/293/301/320/348/366/368/383/477,20
GO:0043523,BP,GO:0043523,regulation of neuron apoptotic process,13/367,219/18614,0.000426153676297813,0.00344587066105484,0.00231250730787874,16/25/101/135/142/284/348/356/387/409/429/468/472,13
GO:0071375,BP,GO:0071375,cellular response to peptide hormone stimulus,16/367,308/18614,0.000432717766240035,0.00348851800975348,0.00234112773947006,88/112/114/142/183/185/186/197/207/208/324/328/353/383/445/490,16
GO:0061572,BP,GO:0061572,actin filament bundle organization,11/367,165/18614,0.000443395061387151,0.00355066909203775,0.00238283703332119,25/71/87/118/119/199/335/387/389/395/408,11
GO:0008154,BP,GO:0008154,actin polymerization or depolymerization,12/367,192/18614,0.000444038830049103,0.00355066909203775,0.00238283703332119,25/88/118/119/120/199/246/274/283/382/387/395,12
GO:0007596,BP,GO:0007596,blood coagulation,13/367,224/18614,0.00052777762885552,0.00413617033048729,0.00277576411209673,18/60/71/135/150/151/152/239/302/308/348/350/462,13
GO:1904062,BP,GO:1904062,regulation of monoatomic cation transmembrane transport,17/367,346/18614,0.000546223156387498,0.00423745296842266,0.00284373440565241,25/81/88/117/150/187/274/287/288/477/481/482/483/486/487/493/495,17
GO:0031348,BP,GO:0031348,negative regulation of defense response,15/367,284/18614,0.000546578538229275,0.00423745296842266,0.00284373440565241,2/54/100/103/134/135/142/240/313/325/335/348/383/384/409,15
GO:1902905,BP,GO:1902905,positive regulation of supramolecular fiber organization,11/367,171/18614,0.000598923679777663,0.00455350411022525,0.00305583481422032,25/88/246/274/335/348/351/382/387/389/402,11
GO:0007159,BP,GO:0007159,leukocyte cell-cell adhesion,19/367,415/18614,0.000624535653036932,0.00473989690357503,0.00318092212571719,25/27/60/86/100/101/119/135/177/199/207/240/301/337/383/384/387/399/445,19
GO:0021700,BP,GO:0021700,developmental maturation,16/367,319/18614,0.000632990769688762,0.00479565336195024,0.00321834001806914,89/94/164/231/283/351/372/387/429/473/523/525/526/528/529/534,16
GO:0023061,BP,GO:0023061,signal release,21/367,483/18614,0.000643348290087372,0.00486560262747897,0.00326528263537168,18/19/41/93/111/114/116/133/134/135/140/150/151/152/183/185/240/301/358/406/488,21
GO:0050817,BP,GO:0050817,coagulation,13/367,229/18614,0.00064920600578147,0.00490133539443392,0.00328926272424964,18/60/71/135/150/151/152/239/302/308/348/350/462,13
GO:0042063,BP,GO:0042063,gliogenesis,16/367,320/18614,0.000654604122535038,0.00491564830114936,0.0032988680474414,20/25/135/177/207/208/274/301/351/374/387/429/430/443/474/482,16
GO:0046942,BP,GO:0046942,carboxylic acid transport,17/367,352/18614,0.000662259300112105,0.00495663275481828,0.00332637251813729,18/123/134/135/183/189/207/208/215/225/301/320/348/366/368/383/477,17
GO:0001935,BP,GO:0001935,endothelial cell proliferation,12/367,201/18614,0.000667960283075462,0.00499066698546537,0.00334921272742864,94/185/187/207/240/283/335/348/350/383/405/498,12
GO:0007599,BP,GO:0007599,hemostasis,13/367,230/18614,0.000676123858494142,0.0050429513997339,0.00338430054759863,18/60/71/135/150/151/152/239/302/308/348/350/462,13
GO:0015849,BP,GO:0015849,organic acid transport,17/367,353/18614,0.000683521382385962,0.00506320804829053,0.00339789468749186,18/123/134/135/183/189/207/208/215/225/301/320/348/366/368/383/477,17
GO:0031668,BP,GO:0031668,cellular response to extracellular stimulus,14/367,261/18614,0.000713279240860072,0.0052387877690334,0.00351572539771616,26/123/136/166/199/213/355/359/360/432/440/467/468/490,14
GO:0002683,BP,GO:0002683,negative regulation of immune system process,21/367,487/18614,0.000714861759183968,0.00524151181394889,0.00351755349122102,2/54/100/103/134/135/142/196/207/246/259/284/301/325/335/336/347/383/384/409/472,21
GO:0051592,BP,GO:0051592,response to calcium ion,10/367,149/18614,0.000758702420788569,0.00549646740240802,0.00368865296635796,15/71/107/114/118/241/246/265/311/360,10
GO:1902075,BP,GO:1902075,cellular response to salt,12/367,204/18614,0.000760971510320261,0.00549646740240802,0.00368865296635796,26/43/107/113/114/118/156/199/241/246/359/493,12
GO:0010634,BP,GO:0010634,positive regulation of epithelial cell migration,11/367,176/18614,0.000761068879806381,0.00549646740240802,0.00368865296635796,14/25/183/207/284/301/306/382/388/498/506,11
GO:0001894,BP,GO:0001894,tissue homeostasis,14/367,263/18614,0.000768363513355435,0.00553068312608255,0.00371161497475136,12/24/31/54/60/71/101/154/213/216/284/323/331/482,14
GO:0060249,BP,GO:0060249,anatomical structure homeostasis,14/367,263/18614,0.000768363513355435,0.00553068312608255,0.00371161497475136,12/24/31/54/60/71/101/154/213/216/284/323/331/482,14
GO:0031589,BP,GO:0031589,cell-substrate adhesion,17/367,359/18614,0.000823788477462592,0.00578524180763502,0.00388244808756294,25/71/81/87/88/89/94/182/246/284/285/335/347/387/395/402/482,17
GO:0051924,BP,GO:0051924,regulation of calcium ion transport,14/367,266/18614,0.00085771123942629,0.00597497394808073,0.00400977641891297,25/117/135/150/183/187/274/287/387/409/477/481/487/490,14
GO:0007623,BP,GO:0007623,circadian rhythm,12/367,207/18614,0.000864576041851035,0.00601311247113758,0.0040353709991964,15/107/134/135/142/153/181/196/406/445/463/468,12
GO:0045861,BP,GO:0045861,negative regulation of proteolysis,16/367,330/18614,0.000907779807514674,0.00627325151327233,0.00420994906528581,2/12/135/197/207/210/259/274/329/330/331/332/334/351/358/409,16
GO:0110053,BP,GO:0110053,regulation of actin filament organization,14/367,268/18614,0.000922022279210548,0.00636151256756751,0.00426918063638494,25/71/88/118/119/120/246/274/335/375/382/387/389/395,14
GO:0009266,BP,GO:0009266,response to temperature stimulus,11/367,183/18614,0.00104791115219519,0.00711658342919373,0.00477590507767387,34/37/133/134/153/154/155/207/409/472/490,11
GO:0009636,BP,GO:0009636,response to toxic substance,13/367,242/18614,0.00107971494389815,0.00730134174213464,0.00489989549719136,127/128/196/210/213/216/241/337/343/348/383/445/468,13
GO:0046578,BP,GO:0046578,regulation of Ras protein signal transduction,11/367,184/18614,0.00109535331105267,0.00734221709703633,0.00492732675222673,19/25/27/148/335/345/348/382/396/397/408,11
GO:0051098,BP,GO:0051098,regulation of binding,17/367,369/18614,0.00111224412599685,0.00734221709703633,0.00492732675222673,25/60/118/119/142/154/166/177/207/267/284/302/348/351/409/488/489,17
GO:0007043,BP,GO:0007043,cell-cell junction assembly,10/367,157/18614,0.00113289973481948,0.00742564280731678,0.00498331334710069,60/71/183/187/287/324/387/389/402/421,10
GO:0030902,BP,GO:0030902,hindbrain development,10/367,157/18614,0.00113289973481948,0.00742564280731678,0.00498331334710069,16/18/25/199/372/401/429/471/473/482,10
GO:0050905,BP,GO:0050905,neuromuscular process,10/367,157/18614,0.00113289973481948,0.00742564280731678,0.00498331334710069,16/25/89/104/111/135/220/351/429/487,10
GO:0001936,BP,GO:0001936,regulation of endothelial cell proliferation,11/367,185/18614,0.00114455295511469,0.00749067486206678,0.00502695604778456,94/185/187/207/240/283/348/350/383/405/498,11
GO:0045216,BP,GO:0045216,cell-cell junction organization,12/367,214/18614,0.00115277979398614,0.00753056359809106,0.00505372518761349,60/71/102/118/183/187/287/324/387/389/402/421,12
GO:0001818,BP,GO:0001818,negative regulation of cytokine production,17/367,371/18614,0.00117921423704398,0.00765958076494335,0.00514030799078126,54/113/177/215/225/284/301/307/335/336/347/361/383/384/408/409/490,17
GO:0051259,BP,GO:0051259,protein complex oligomerization,13/367,248/18614,0.00134716385166651,0.008659481162421,0.0058113363617678,21/31/32/41/114/210/220/223/226/241/359/361/362,13
GO:0042692,BP,GO:0042692,muscle cell differentiation,18/367,410/18614,0.00138217780368948,0.00883205491692862,0.0059271497824389,34/58/70/71/81/87/88/89/90/133/148/183/187/207/274/287/409/488,18
GO:0016052,BP,GO:0016052,carbohydrate catabolic process,10/367,162/18614,0.00143515077791706,0.00915702399007257,0.00614523497204666,89/178/226/229/230/279/313/351/402/405,10
GO:1990778,BP,GO:1990778,protein localization to cell periphery,16/367,345/18614,0.00144104173488226,0.00916541994304557,0.00615086945590182,20/60/88/102/207/208/286/287/288/367/382/391/403/481/483/493,16
GO:1903037,BP,GO:1903037,regulation of leukocyte cell-cell adhesion,17/367,378/18614,0.00144123080189384,0.00916541994304557,0.00615086945590182,25/27/60/86/100/101/135/177/199/207/240/301/383/384/387/399/445,17
GO:0045785,BP,GO:0045785,positive regulation of cell adhesion,20/367,482/18614,0.00150834185288287,0.00948413787146994,0.00636475953220772,25/27/60/86/100/101/177/199/207/240/246/284/288/301/335/387/399/402/463/472,20
GO:0010506,BP,GO:0010506,regulation of autophagy,16/367,348/18614,0.00157450293976896,0.00978484283743044,0.00656656119561845,25/27/148/154/207/291/292/472/523/525/526/527/528/529/533/534,16
GO:0010810,BP,GO:0010810,regulation of cell-substrate adhesion,12/367,222/18614,0.00157549813774519,0.00978484283743044,0.00656656119561845,25/71/81/94/182/246/285/335/347/387/395/402,12
GO:0016469,CC,GO:0016469,proton-transporting two-sector ATPase complex,19/369,50/19518,2.02168952769579E-20,7.68242020524401E-18,3.78800774663001E-18,498/506/509/513/514/515/516/517/518/521/522/523/525/526/527/528/529/533/534,19
GO:0033178,CC,GO:0033178,"proton-transporting two-sector ATPase complex, catalytic domain",11/369,19/19518,6.27852573962657E-15,1.19291989052905E-12,5.88198727186069E-13,498/506/509/513/514/523/525/526/528/529/534,11
GO:0005753,CC,GO:0005753,mitochondrial proton-transporting ATP synthase complex,11/369,21/19518,2.83228628640395E-14,3.58756262944501E-12,1.7689366981751E-12,498/506/509/513/514/515/516/517/518/521/522,11
GO:0045259,CC,GO:0045259,proton-transporting ATP synthase complex,11/369,22/19518,5.56934761697045E-14,4.45492810214721E-12,2.19661274842716E-12,498/506/509/513/514/515/516/517/518/521/522,11
GO:0098533,CC,GO:0098533,ATPase dependent transmembrane transport complex,11/369,24/19518,1.90499942371099E-13,1.07308680782518E-11,5.2911205482793E-12,20/476/477/478/479/480/481/482/483/486/496,11
GO:0090533,CC,GO:0090533,cation-transporting ATPase complex,10/369,18/19518,1.97673885652008E-13,1.07308680782518E-11,5.2911205482793E-12,476/477/478/479/480/481/482/483/486/496,10
GO:1904949,CC,GO:1904949,ATPase complex,21/369,147/19518,5.94426808400638E-13,2.82352733990303E-11,1.39221015651728E-11,60/86/498/506/509/513/514/515/516/517/518/521/522/523/525/526/527/528/529/533/534,21
GO:0034361,CC,GO:0034361,very-low-density lipoprotein particle,10/369,20/19518,8.06953095497824E-13,3.06642176289173E-11,1.51197527366961E-11,335/336/337/338/341/344/345/346/348/350,10
GO:0034385,CC,GO:0034385,triglyceride-rich plasma lipoprotein particle,10/369,20/19518,8.06953095497824E-13,3.06642176289173E-11,1.51197527366961E-11,335/336/337/338/341/344/345/346/348/350,10
GO:0034364,CC,GO:0034364,high-density lipoprotein particle,11/369,27/19518,9.45694792370668E-13,3.15564941495401E-11,1.55597117967261E-11,319/335/336/337/338/341/344/345/346/348/350,11
GO:0031983,CC,GO:0031983,vesicle lumen,30/369,327/19518,9.96520867880214E-13,3.15564941495401E-11,1.55597117967261E-11,1/2/12/26/30/47/81/87/88/100/175/178/197/210/213/226/230/240/272/302/317/335/338/350/351/353/356/383/410/411,30
GO:0016323,CC,GO:0016323,basolateral plasma membrane,25/369,234/19518,2.92312417582454E-12,8.54451682164095E-11,4.21308585665399E-11,114/134/150/286/287/288/301/302/343/358/359/360/361/364/366/368/409/476/479/481/483/490/491/493/525,25
GO:0072562,CC,GO:0072562,blood microparticle,20/369,144/19518,3.65078078449097E-12,9.90926212933264E-11,4.88600736570972E-11,1/2/12/58/60/70/71/72/173/183/197/213/259/308/325/335/336/337/348/462,20
GO:0032994,CC,GO:0032994,protein-lipid complex,12/369,39/19518,4.31205126949608E-12,1.09238632160567E-10,5.3862815857565E-11,274/319/335/336/337/338/341/344/345/346/348/350,12
GO:0060205,CC,GO:0060205,cytoplasmic vesicle lumen,29/369,325/19518,4.8184456479074E-12,1.14438084137801E-10,5.64265345610209E-11,1/2/12/26/30/47/81/87/88/100/175/178/197/210/213/226/230/240/272/302/317/335/350/351/353/356/383/410/411,29
GO:0009925,CC,GO:0009925,basal plasma membrane,26/369,266/19518,8.19423606462213E-12,1.72989428030912E-10,8.52967262867099E-11,114/134/150/286/287/288/301/302/343/358/359/360/361/362/364/366/368/409/476/479/481/483/490/491/493/525,26
GO:0034358,CC,GO:0034358,plasma lipoprotein particle,11/369,36/19518,3.74165110463197E-11,7.01547946064322E-10,3.45915607754707E-10,319/335/336/337/338/341/344/345/346/348/350,11
GO:1990777,CC,GO:1990777,lipoprotein particle,11/369,36/19518,3.74165110463197E-11,7.01547946064322E-10,3.45915607754707E-10,319/335/336/337/338/341/344/345/346/348/350,11
GO:0045178,CC,GO:0045178,basal part of cell,26/369,285/19518,3.8769754914081E-11,7.01547946064322E-10,3.45915607754707E-10,114/134/150/286/287/288/301/302/343/358/359/360/361/362/364/366/368/409/476/479/481/483/490/491/493/525,26
GO:0062023,CC,GO:0062023,collagen-containing extracellular matrix,31/369,415/19518,8.40361900222754E-11,1.45153419129385E-09,7.15714919806939E-10,1/2/12/43/59/165/176/183/197/259/265/266/283/284/285/301/302/304/307/308/309/310/311/325/333/335/337/345/348/350/462,31
GO:0034774,CC,GO:0034774,secretory granule lumen,27/369,322/19518,1.11257192613335E-10,1.83816231274206E-09,9.06351500465615E-10,1/2/12/26/30/47/81/87/88/175/178/197/210/213/226/230/240/272/302/317/335/350/351/353/383/410/411,27
GO:0030665,CC,GO:0030665,clathrin-coated vesicle membrane,17/369,136/19518,8.32748195254521E-10,1.31851797581966E-08,6.50127976996951E-09,114/154/160/161/162/163/164/338/348/374/523/526/527/528/529/533/534,17
GO:0045177,CC,GO:0045177,apical part of cell,30/369,446/19518,2.08287338287637E-09,3.16596754197208E-08,1.5610587880084E-08,71/90/114/154/177/182/287/301/312/343/351/357/358/359/362/363/476/479/481/482/483/490/491/495/496/523/525/526/528/529,30
GO:0045121,CC,GO:0045121,membrane raft,24/369,323/19518,1.34632242131641E-08,1.89482414851939E-07,9.34290023369673E-08,19/107/108/114/117/119/147/148/284/287/302/329/330/351/355/356/476/477/480/481/490/491/493/498,24
GO:0098857,CC,GO:0098857,membrane microdomain,24/369,324/19518,1.42921595749748E-08,1.9396502280323E-07,9.563926332126E-08,19/107/108/114/117/119/147/148/284/287/302/329/330/351/355/356/476/477/480/481/490/491/493/498,24
GO:0016324,CC,GO:0016324,apical plasma membrane,26/369,381/19518,1.91116207063342E-08,2.20073208133546E-07,1.08512551378867E-07,114/154/177/182/287/301/312/343/357/358/359/362/363/476/479/481/482/483/490/491/495/496/523/525/526/529,26
GO:0030136,CC,GO:0030136,clathrin-coated vesicle,19/369,215/19518,2.92251122771635E-08,3.17301219009203E-07,1.56453232641657E-07,102/114/154/160/161/162/163/164/338/348/374/460/523/526/527/528/529/533/534,19
GO:0030662,CC,GO:0030662,coated vesicle membrane,18/369,202/19518,5.97571358808505E-08,6.30769767631199E-07,3.11016672128403E-07,114/154/160/161/162/163/164/338/348/372/374/523/526/527/528/529/533/534,18
GO:0098685,CC,GO:0098685,Schaffer collateral - CA1 synapse,12/369,94/19518,2.06928026954921E-07,2.06928026954921E-06,1.0203099390021E-06,29/60/71/107/114/136/140/153/320/321/388/396,12
GO:0042383,CC,GO:0042383,sarcolemma,14/369,136/19518,3.07941814146206E-07,3.0004587019374E-06,1.47945055109379E-06,52/148/239/274/287/288/301/302/358/361/476/477/481/493,14
GO:0101002,CC,GO:0101002,ficolin-1-rich granule,16/369,185/19518,4.89739229145585E-07,4.54790819149691E-06,2.24245888666607E-06,1/47/101/161/178/210/226/230/240/272/317/327/387/411/427/527,16
GO:0031093,CC,GO:0031093,platelet alpha granule lumen,10/369,67/19518,4.91460044632818E-07,4.54790819149691E-06,2.24245888666607E-06,1/2/12/81/87/88/197/213/226/351,10
GO:0031252,CC,GO:0031252,cell leading edge,25/369,422/19518,5.32048600859066E-07,4.70182484480105E-06,2.31835130851686E-06,25/58/59/60/70/72/87/134/135/199/207/208/273/322/323/324/351/375/378/382/387/468/490/491/526,25
GO:0030135,CC,GO:0030135,coated vesicle,21/369,312/19518,5.7179584580061E-07,4.93823685009618E-06,2.43492010891169E-06,102/114/154/160/161/162/163/164/338/348/351/372/374/460/523/526/527/528/529/533/534,21
GO:0098978,CC,GO:0098978,glutamatergic synapse,24/369,410/19518,1.1143008015996E-06,9.20509357843147E-06,4.53879960376954E-06,29/60/70/87/102/107/114/135/136/148/150/163/207/274/320/348/378/382/387/409/490/491/492/493,24
GO:0031091,CC,GO:0031091,platelet alpha granule,11/369,91/19518,1.16383110235677E-06,9.40969827437391E-06,4.63968502171345E-06,1/2/12/81/87/88/197/213/226/334/351,11
GO:0043197,CC,GO:0043197,dendritic spine,15/369,175/19518,1.25022144108505E-06,9.89758640859001E-06,4.88025036213025E-06,29/40/87/88/134/320/321/351/378/387/409/477/478/490/491,15
GO:0098858,CC,GO:0098858,actin-based cell projection,17/369,225/19518,1.43970888397461E-06,1.11650893042929E-05,5.50522408909734E-06,55/58/59/70/72/88/112/160/284/351/362/382/389/523/525/526/529,17
GO:0044309,CC,GO:0044309,neuron spine,15/369,178/19518,1.54924440992638E-06,1.17742575154405E-05,5.80558957825042E-06,29/40/87/88/134/320/321/351/378/387/409/477/478/490/491,15
GO:0005788,CC,GO:0005788,endoplasmic reticulum lumen,20/369,312/19518,2.2596172683588E-06,1.68363639603205E-05,8.30158666187546E-06,102/174/197/213/258/265/334/335/336/337/338/348/351/410/411/412/414/415/416/462,20
GO:0043025,CC,GO:0043025,neuronal cell body,26/369,500/19518,3.56903159956915E-06,2.60813847660822E-05,1.28600733749658E-05,25/40/94/114/116/134/135/150/181/199/214/267/283/306/338/347/348/351/383/429/445/460/477/478/490/491,26
GO:1904813,CC,GO:1904813,ficolin-1-rich granule lumen,12/369,124/19518,4.15278121628662E-06,2.97746577771494E-05,1.46811331975972E-05,1/47/178/210/226/230/240/272/317/327/411/427,12
GO:0005759,CC,GO:0005759,mitochondrial matrix,25/369,484/19518,6.18997468998424E-06,4.35590811517409E-05,2.14778848892241E-05,18/33/34/35/36/37/38/50/205/211/212/217/219/275/292/318/384/402/498/501/506/509/513/514/515,25
GO:0015629,CC,GO:0015629,actin cytoskeleton,25/369,489/19518,7.39154781978936E-06,5.10688758458174E-05,2.51807753477992E-05,25/27/31/58/59/60/70/71/81/87/88/89/101/114/118/119/199/226/273/274/283/301/357/395/479,25
GO:0043292,CC,GO:0043292,contractile fiber,16/369,243/19518,1.67890874338887E-05,0.000111927249559258,5.51885053228474E-05,58/59/70/71/81/87/88/89/148/226/274/286/287/288/375/493,16
GO:0005925,CC,GO:0005925,focal adhesion,22/369,422/19518,1.94599556162372E-05,0.000127496260933968,6.28651923718734E-05,60/70/71/81/87/88/89/102/118/214/247/301/308/309/375/382/387/388/390/391/402/527,22
GO:0005774,CC,GO:0005774,vacuolar membrane,23/369,460/19518,2.44038367098073E-05,0.000154557632495446,7.62084725323808E-05,20/21/53/55/160/161/162/163/164/215/290/302/309/373/408/523/525/526/527/528/529/533/534,23
GO:0030055,CC,GO:0030055,cell-substrate junction,22/369,432/19518,2.77933419148459E-05,0.00017313885127281,8.53704031206655E-05,60/70/71/81/87/88/89/102/118/214/247/301/308/309/375/382/387/388/390/391/402/527,22
GO:0030016,CC,GO:0030016,myofibril,15/369,233/19518,3.98555530990982E-05,0.000240398574248529,0.000118534477053291,58/70/71/81/87/88/89/148/226/274/286/287/288/375/493,15
GO:0030658,CC,GO:0030658,transport vesicle membrane,15/369,234/19518,4.18666739350168E-05,0.000248583376489162,0.000122570196717648,160/162/164/273/274/359/374/490/523/525/526/527/528/529/534,15
GO:0005765,CC,GO:0005765,lysosomal membrane,21/369,415/19518,4.62997676188356E-05,0.000262595696942649,0.000129479318714104,20/21/53/55/160/161/162/163/164/215/290/302/309/373/408/523/526/527/528/529/533,21
GO:0098852,CC,GO:0098852,lytic vacuole membrane,21/369,415/19518,4.62997676188356E-05,0.000262595696942649,0.000129479318714104,20/21/53/55/160/161/162/163/164/215/290/302/309/373/408/523/526/527/528/529/533,21
GO:0098800,CC,GO:0098800,inner mitochondrial membrane protein complex,12/369,158/19518,4.83716642656321E-05,0.000270312241484415,0.000133284152310875,293/498/506/509/513/514/515/516/517/518/521/522,12
GO:0042470,CC,GO:0042470,melanosome,10/369,112/19518,5.284552068265E-05,0.000286875683705814,0.000141451168143033,191/302/304/309/311/348/476/483/526/534,10
GO:0048770,CC,GO:0048770,pigment granule,10/369,112/19518,5.284552068265E-05,0.000286875683705814,0.000141451168143033,191/302/304/309/311/348/476/483/526/534,10
GO:0030017,CC,GO:0030017,sarcomere,14/369,213/19518,5.73457951868895E-05,0.000302658363486361,0.000149233209696876,58/70/81/87/88/89/148/226/274/286/287/288/375/493,14
GO:0042734,CC,GO:0042734,presynaptic membrane,12/369,164/19518,6.94869965590819E-05,0.000353075911074131,0.000174092831499156,114/134/135/140/148/150/320/478/490/491/492/493,12
GO:0031674,CC,GO:0031674,I band,11/369,141/19518,7.80441367676743E-05,0.000390220683838371,0.000192407982612826,70/81/87/88/89/148/226/274/287/288/493,11
GO:0030139,CC,GO:0030139,endocytic vesicle,18/369,347/19518,0.00011767891959959,0.000573307557023643,0.000282683504571214,19/71/101/154/160/161/163/265/306/311/335/338/348/374/382/409/527/533,18
GO:0030672,CC,GO:0030672,synaptic vesicle membrane,10/369,125/19518,0.000133373608513569,0.000633524640439454,0.000312375030465991,273/274/490/523/525/526/527/528/529/534,10
GO:0099501,CC,GO:0099501,exocytic vesicle membrane,10/369,125/19518,0.000133373608513569,0.000633524640439454,0.000312375030465991,273/274/490/523/525/526/527/528/529/534,10
GO:0005775,CC,GO:0005775,vacuolar lumen,12/369,176/19518,0.000136362228576044,0.000639724035295022,0.000315431795796437,12/47/53/175/176/302/338/356/383/410/411/427,12
GO:0005769,CC,GO:0005769,early endosome,19/369,423/19518,0.000476704456707334,0.00196899666900855,0.000970862623500062,153/154/162/164/208/287/301/302/323/335/336/337/338/344/345/348/351/382/388,19
GO:0030027,CC,GO:0030027,lamellipodium,12/369,202/19518,0.000484115209177359,0.00197810515577846,0.000975353788721787,58/59/60/70/72/199/207/322/323/324/351/387,12
GO:0031256,CC,GO:0031256,leading edge membrane,11/369,180/19518,0.000651928412764382,0.00260771365105753,0.00128579786672643,134/135/199/208/273/324/378/387/468/490/491,11
GO:0008021,CC,GO:0008021,synaptic vesicle,12/369,210/19518,0.000683492443584461,0.00270549092252183,0.00133400937453985,273/274/320/351/490/523/525/526/527/528/529/534,12
GO:0005766,CC,GO:0005766,primary lysosome,10/369,155/19518,0.000749365124503654,0.00290570150317744,0.00143272816500162,12/47/55/175/302/311/383/410/411/527,10
GO:0042582,CC,GO:0042582,azurophil granule,10/369,155/19518,0.000749365124503654,0.00290570150317744,0.00143272816500162,12/47/55/175/302/311/383/410/411/527,10
GO:0009898,CC,GO:0009898,cytoplasmic side of plasma membrane,10/369,159/19518,0.000911780336656096,0.00346476527929316,0.0017083884202609,52/160/161/163/207/246/286/329/387/490,10
GO:0031253,CC,GO:0031253,cell projection membrane,16/369,349/19518,0.00105782626472912,0.00390266000579677,0.0019243032715563,109/134/135/199/208/324/343/358/361/378/382/387/468/482/490/491,16
GO:0070382,CC,GO:0070382,exocytic vesicle,12/369,225/19518,0.0012435631222174,0.00450051415659629,0.00221909008275385,273/274/320/351/490/523/525/526/527/528/529/534,12
GO:0097060,CC,GO:0097060,synaptic membrane,17/369,390/19518,0.00129237796931155,0.0046161980158126,0.00227613087760289,102/107/114/134/135/140/148/150/287/288/320/409/478/490/491/492/493,17
GO:0030133,CC,GO:0030133,transport vesicle,18/369,425/19518,0.00129982417813671,0.0046161980158126,0.00227613087760289,160/162/164/273/274/320/351/359/372/374/490/523/525/526/527/528/529/534,18
GO:0005743,CC,GO:0005743,mitochondrial inner membrane,20/369,497/19518,0.00132626725623047,0.00466649590155164,0.00230093149716397,22/37/211/212/259/291/292/293/343/498/506/509/513/514/515/516/517/518/521/522,20
GO:0098798,CC,GO:0098798,mitochondrial protein-containing complex,14/369,300/19518,0.00181084442392019,0.00614393643830064,0.003029420182874,291/292/293/498/506/509/513/514/515/516/517/518/521/522,14
GO:0150034,CC,GO:0150034,distal axon,13/369,277/19518,0.002480022830417,0.00812421272033156,0.00400584449922165,25/60/71/134/150/267/274/283/322/323/351/393/478,13
GO:0005912,CC,GO:0005912,adherens junction,10/369,185/19518,0.00281252819433564,0.00905729418514866,0.00446592344863286,60/102/118/182/247/301/302/324/357/421,10
GO:0042626,MF,GO:0042626,ATPase-coupled transmembrane transporter activity,32/370,99/18369,4.04070321655878E-30,2.33148575595442E-27,1.55248070951995E-27,19/20/21/22/24/215/225/368/476/477/478/479/480/481/487/488/489/490/491/492/493/495/496/506/523/525/526/527/528/529/533/534,32
GO:0019829,MF,GO:0019829,ATPase-coupled monoatomic cation transmembrane transporter activity,24/370,53/18369,4.32263568331882E-27,1.24708039463748E-24,8.30401065479668E-25,476/477/478/479/480/481/487/488/489/490/491/492/493/495/496/506/523/525/526/527/528/529/533/534,24
GO:0015662,MF,GO:0015662,P-type ion transporter activity,15/370,20/18369,3.89087421451431E-22,6.60973434711569E-20,4.40126431943305E-20,476/477/478/479/480/481/487/488/489/490/491/492/493/495/496,15
GO:0015399,MF,GO:0015399,primary active transmembrane transporter activity,32/370,170/18369,4.58213819557414E-22,6.60973434711569E-20,4.40126431943305E-20,19/20/21/22/24/215/225/368/476/477/478/479/480/481/487/488/489/490/491/492/493/495/496/506/523/525/526/527/528/529/533/534,32
GO:0140358,MF,GO:0140358,P-type transmembrane transporter activity,15/370,24/18369,3.04973204402909E-20,3.51939077880957E-18,2.34347830751709E-18,476/477/478/479/480/481/487/488/489/490/491/492/493/495/496,15
GO:0004030,MF,GO:0004030,aldehyde dehydrogenase [NAD(P)+] activity,12/370,17/18369,2.11241568945489E-17,2.03143975469245E-15,1.35268723973866E-15,127/128/216/217/218/219/220/221/222/223/224/501,12
GO:0004029,MF,GO:0004029,aldehyde dehydrogenase (NAD+) activity,11/370,15/18369,2.4272558659164E-16,2.00075233519109E-14,1.33225321963833E-14,128/216/217/218/219/220/221/222/223/224/501,11
GO:0015078,MF,GO:0015078,proton transmembrane transporter activity,24/370,140/18369,7.21821610710159E-16,5.20613836724702E-14,3.46664326196326E-14,291/292/479/495/496/498/506/509/513/514/515/516/517/518/521/522/523/525/526/527/528/529/533/534,24
GO:0016903,MF,GO:0016903,"oxidoreductase activity, acting on the aldehyde or oxo group of donors",15/370,48/18369,1.64398136571629E-14,1.05397472002033E-12,7.01816606416897E-13,127/128/131/216/217/218/219/220/221/222/223/224/231/316/501,15
GO:0009678,MF,GO:0009678,pyrophosphate hydrolysis-driven proton transmembrane transporter activity,12/370,27/18369,4.94910770851702E-14,2.85563514781432E-12,1.90149927748285E-12,479/495/496/506/523/525/526/527/528/529/533/534,12
GO:0055102,MF,GO:0055102,lipase inhibitor activity,10/370,16/18369,7.0083315863845E-14,3.67618847758532E-12,2.44788615218214E-12,301/302/304/306/307/308/336/341/344/345,10
GO:0016620,MF,GO:0016620,"oxidoreductase activity, acting on the aldehyde or oxo group of donors, NAD or NADP as acceptor",13/370,39/18369,3.68782754352046E-13,1.63971220118324E-11,1.09184521286488E-11,127/128/216/217/218/219/220/221/222/223/224/231/501,13
GO:0046933,MF,GO:0046933,"proton-transporting ATP synthase activity, rotational mechanism",10/370,18/18369,3.69432558325513E-13,1.63971220118324E-11,1.09184521286488E-11,498/506/509/513/514/515/521/522/523/527,10
GO:0022804,MF,GO:0022804,active transmembrane transporter activity,35/370,428/18369,2.09340760859161E-12,8.05264126771573E-11,5.36206159393641E-11,19/20/21/22/24/215/225/291/292/293/368/476/477/478/479/480/481/487/488/489/490/491/492/493/495/496/506/523/525/526/527/528/529/533/534,35
GO:0015252,MF,GO:0015252,proton channel activity,10/370,26/18369,3.88414809466487E-11,1.24508525034535E-09,8.29072546522033E-10,498/506/509/513/514/515/521/522/523/527,10
GO:0022853,MF,GO:0022853,active monoatomic ion transmembrane transporter activity,24/370,233/18369,6.36085453794406E-11,1.93169108862827E-09,1.28626698412719E-09,476/477/478/479/480/481/487/488/489/490/491/492/493/495/496/506/523/525/526/527/528/529/533/534,24
GO:0016810,MF,GO:0016810,"hydrolase activity, acting on carbon-nitrogen (but not peptide) bonds",17/370,131/18369,1.18969499557548E-09,2.7458160497882E-08,1.82837336162126E-08,49/95/100/103/104/105/175/270/271/272/339/354/383/384/427/443/471,17
GO:0016887,MF,GO:0016887,ATP hydrolysis activity,27/370,376/18369,1.27302013929248E-08,2.62333078704201E-07,1.74681334902916E-07,19/20/21/22/23/24/215/225/249/368/439/476/477/478/479/480/487/488/489/490/491/492/493/495/498/509/534,27
GO:0016829,MF,GO:0016829,lyase activity,19/370,198/18369,2.0733935119419E-08,4.12533812548441E-07,2.74696418097566E-07,48/50/107/108/109/111/112/113/114/115/158/210/226/229/230/241/242/262/435,19
GO:0005544,MF,GO:0005544,calcium-dependent phospholipid binding,10/370,52/18369,7.25758071620566E-08,1.26897699189414E-06,8.44981486894758E-07,301/302/304/306/307/308/309/310/311/312,10
GO:0004857,MF,GO:0004857,enzyme inhibitor activity,25/370,359/18369,8.10879696189338E-08,1.37611054323897E-06,9.16319161328509E-07,2/12/150/197/259/274/301/302/304/306/307/308/329/330/331/334/336/341/344/345/351/399/408/462/493,25
GO:0016874,MF,GO:0016874,ligase activity,16/370,165/18369,2.37117830761281E-07,3.69775644187187E-06,2.4622477447473E-06,16/31/32/159/440/445/498/506/509/513/514/515/521/522/523/527,16
GO:0005496,MF,GO:0005496,steroid binding,11/370,99/18369,4.93517188689757E-06,5.69518835747979E-05,3.7922899762476E-05,19/309/319/335/336/345/347/367/476/477/478,11
GO:0046982,MF,GO:0046982,protein heterodimerization activity,21/370,343/18369,6.87013140959934E-06,7.34086263581263E-05,4.88810519396444E-05,114/118/119/134/147/148/150/152/153/185/196/215/225/336/405/467/468/476/477/481/482,21
GO:0001540,MF,GO:0001540,amyloid-beta binding,10/370,85/18369,7.96073492336208E-06,8.35153463778167E-05,5.56108755411896E-05,43/154/177/320/321/322/323/335/348/478,10
GO:0005319,MF,GO:0005319,lipid transporter activity,14/370,169/18369,8.62137890667265E-06,8.72725548973705E-05,5.81127110052727E-05,19/20/21/24/215/225/319/335/336/337/338/346/347/348,14
GO:0005543,MF,GO:0005543,phospholipid binding,25/370,475/18369,1.3074504138157E-05,0.000130068773926148,8.66096916592979E-05,19/88/182/207/246/273/274/301/302/304/306/307/308/309/310/311/312/335/336/337/338/341/345/348/350,25
GO:0015267,MF,GO:0015267,channel activity,25/370,478/18369,1.45427696762613E-05,0.000142223357681403,9.47031388373838E-05,40/41/302/304/309/343/357/358/359/360/361/362/363/364/366/498/506/509/513/514/515/521/522/523/527,25
GO:0022803,MF,GO:0022803,passive transmembrane transporter activity,25/370,479/18369,1.50644796816579E-05,0.000144870079605277,9.64655277860548E-05,40/41/302/304/309/343/357/358/359/360/361/362/363/364/366/498/506/509/513/514/515/521/522/523/527,25
GO:0001664,MF,GO:0001664,G protein-coupled receptor binding,18/370,289/18369,2.48238559191815E-05,0.000231022013957544,0.000153832044320904,133/134/135/150/152/153/155/156/157/181/183/185/333/407/408/409/434/478,18
GO:0005525,MF,GO:0005525,GTP binding,21/370,382/18369,3.4437342278489E-05,0.000310474163979503,0.000206737334402113,159/205/309/318/373/375/377/378/379/381/382/387/388/389/390/391/394/399/400/402/403,21
GO:0003924,MF,GO:0003924,GTPase activity,19/370,327/18369,3.86095012355275E-05,0.000342733572506144,0.00022821810446911,24/373/375/377/378/379/381/382/387/388/389/390/391/394/397/399/400/402/403,19
GO:0061134,MF,GO:0061134,peptidase regulator activity,15/370,230/18369,6.97895058436163E-05,0.0005575524648046,0.000371260876865236,2/12/20/197/259/274/302/317/329/330/331/334/351/462/489,15
GO:0019001,MF,GO:0019001,guanyl nucleotide binding,21/370,404/18369,7.69570958838082E-05,0.000576550636225214,0.000383911305705014,159/205/309/318/373/375/377/378/379/381/382/387/388/389/390/391/394/399/400/402/403,21
GO:0032561,MF,GO:0032561,guanyl ribonucleotide binding,21/370,404/18369,7.69570958838082E-05,0.000576550636225214,0.000383911305705014,159/205/309/318/373/375/377/378/379/381/382/387/388/389/390/391/394/399/400/402/403,21
GO:0046873,MF,GO:0046873,metal ion transmembrane transporter activity,22/370,435/18369,7.79383218363006E-05,0.000576550636225214,0.000383911305705014,40/41/302/304/309/357/358/476/477/478/479/480/481/487/488/489/490/491/492/493/495/496,22
GO:0061135,MF,GO:0061135,endopeptidase regulator activity,13/370,187/18369,0.000111400261210333,0.00079355494714027,0.000528409296189362,2/12/20/197/259/274/302/329/330/331/334/351/462,13
GO:1901681,MF,GO:1901681,sulfur compound binding,16/370,269/18369,0.000119482346557458,0.000840747731264064,0.00055983384458886,14/26/32/33/37/54/238/283/309/333/334/338/348/350/351/462,16
GO:0004866,MF,GO:0004866,endopeptidase inhibitor activity,12/370,173/18369,0.000207438692589883,0.00134485534409396,0.000895507070317057,2/12/197/259/274/302/329/330/331/334/351/462,12
GO:0005516,MF,GO:0005516,calmodulin binding,13/370,200/18369,0.000217275582012436,0.00139297789801306,0.000927550730228528,107/109/114/118/119/120/165/207/355/490/491/492/493,13
GO:0051015,MF,GO:0051015,actin filament binding,13/370,202/18369,0.000239504972246865,0.00151253288476353,0.00100715954198429,25/27/81/87/88/89/118/119/120/199/274/309/357,13
GO:0030414,MF,GO:0030414,peptidase inhibitor activity,12/370,180/18369,0.0002991529294959,0.00185603484214123,0.0012358892955971,2/12/197/259/274/302/329/330/331/334/351/462,12
GO:0005261,MF,GO:0005261,monoatomic cation channel activity,17/370,324/18369,0.000328810794379556,0.00201833859954259,0.0013439634932647,40/41/302/304/309/357/358/498/506/509/513/514/515/521/522/523/527,17
GO:0016614,MF,GO:0016614,"oxidoreductase activity, acting on CH-OH group of donors",10/370,133/18369,0.000365921330533902,0.00222249060755854,0.00147990344204847,124/125/126/127/128/130/131/218/224/231,10
GO:0015085,MF,GO:0015085,calcium ion transmembrane transporter activity,10/370,142/18369,0.000614328769090528,0.00351823986073975,0.00234271193864819,302/304/309/487/488/489/490/491/492/493,10
GO:0008201,MF,GO:0008201,heparin binding,11/370,168/18369,0.00061584441236519,0.00351823986073975,0.00234271193864819,14/26/238/283/333/334/338/348/350/351/462,11
GO:0005539,MF,GO:0005539,glycosaminoglycan binding,13/370,232/18369,0.000890600162745098,0.00475811383244372,0.00316831441912242,14/26/176/238/283/309/333/334/338/348/350/351/462,13
GO:0019842,MF,GO:0019842,vitamin binding,10/370,150/18369,0.000939194712877964,0.00492650317573259,0.00328044086316227,18/24/32/127/131/173/189/211/212/213,10
GO:0015081,MF,GO:0015081,sodium ion transmembrane transporter activity,10/370,155/18369,0.00120572146486089,0.00604957639325857,0.0040282685096039,40/41/357/476/477/478/479/480/481/495,10
GO:0033218,MF,GO:0033218,amide binding,18/370,400/18369,0.00133028372600496,0.00645019924289802,0.00429503370182938,32/33/37/43/90/117/154/163/177/283/290/320/321/322/323/335/348/478,18
GO:0042277,MF,GO:0042277,peptide binding,15/370,317/18369,0.00202913692564845,0.00907606206278414,0.00604353307108677,43/90/117/154/163/177/283/290/320/321/322/323/335/348/478,15
