"","norm_avg","c1_avg","c2_avg","c3_avg","pval_norm_vs_c1","pval_norm_vs_c2","pval_norm_vs_c3","padj_norm_vs_c1","padj_norm_vs_c2","padj_norm_vs_c3"
"cg00334820",-4.10569588879897,-4.04480943552311,-4.07213851519987,-4.10175015704816,0.433611696327286,0.646103258108119,0.817655882428316,0.502076701010542,0.690971539921183,0.845093999288326
"cg00418469",-3.37882400663394,-3.21655977311762,-3.32129133251072,-3.32924175992693,0.00400413577870284,0.0528056637921885,0.127081151737177,0.00717019662697951,0.0683367413781263,0.179545847408488
"cg00549040",2.47706023135725,1.54355705760066,1.93986585383461,1.80356616204732,3.25800353362382e-09,3.46771890641362e-05,0.000106636483462652,1.6724418139269e-08,7.970577784891e-05,0.000414015139646712
"cg00709652",0.65323277465014,0.297213641205762,0.219984213050427,0.0251055710117355,0.00400413577870284,5.53277232917537e-08,9.83738103976783e-06,0.00717019662697951,1.73887130345512e-07,5.41055957187231e-05
"cg00764470",-2.91937638898793,-2.95841076632766,-2.98719516873554,-2.92258934207621,0.27701540612366,0.0135219608606953,0.937943002865863,0.328156711869566,0.0200229035821835,0.944073349289822
"cg00771346",2.10768427317528,2.13905252290532,2.15036424670159,2.10900178519476,0.8224528798051,0.184176390601088,0.344810801972494,0.855795564121523,0.218178185788982,0.396275100774359
"cg01130364",-1.88893377584198,-0.649667833509771,-2.04890394006048,-1.96571138066859,4.51998016792743e-09,0.00103289183812705,0.285881571036751,2.10932407836613e-08,0.00196376966755019,0.343951265153592
"cg01698392",1.58518560193402,1.70912421549134,1.90723762749472,1.03281340130865,0.0183681801613781,1.03757762569545e-05,9.75062356411982e-08,0.0280069281668537,2.5363008628111e-05,7.90313699407606e-07
"cg01718788",-3.04123485444416,-2.63846630872759,-2.79918235949759,-2.95538884405466,6.93332664316593e-05,1.33414853564773e-06,0.156174160689081,0.000184091776387509,3.54239438775431e-06,0.210972111808057
"cg01940657",0.822332745587216,1.74131933563584,2.32634208670844,1.40268285554579,0,0,2.34608577009965e-09,0,0,3.28452007813951e-08
"cg02108015",0.801522000087467,1.64898420721068,2.11438177348986,1.13005338747813,0,0,1.35258653211068e-06,0,0,9.05644895413237e-06
"cg02331673",0.649841952640909,1.85792098955927,1.48798348918749,0.889401819999762,0,0,1.49044477083526e-05,0,0,7.65094982362102e-05
"cg02642979",1.90646495029379,1.51918639418441,2.1025515585324,1.29725987121529,0.00707411991924423,1.80282684558719e-07,2.77821609687701e-05,0.0122406119950968,5.23840253246089e-07,0.000129650084520927
"cg02752037",-0.402625320185734,-0.551350079141126,-1.94705107089538,-0.880652013184406,0.00015976045022803,0,2.34608577009965e-09,0.000396824344114785,0,3.28452007813951e-08
"cg02756106",-2.53963381183103,-2.38744759469775,-2.67470661801719,-2.56532977110109,0.889336143106056,0.00647162953237346,0.641072404268866,0.90700507310154,0.0103815723748491,0.671599661615003
"cg02958133",-4.13170358010236,-4.04323182881638,-4.13990626213207,-4.09696327703706,0.0161178047266101,0.00633145734974583,0.0848265076203236,0.0248214192789795,0.0102636255985353,0.134673012098246
"cg03085785",2.41640713332713,2.14722101277616,2.36033251792422,2.18720522092227,0.049573950650416,0.817155832168591,0.0366666503874814,0.068164182144322,0.844577168818544,0.062740712885246
"cg03435277",3.87451858032905,3.74333485085556,3.73320997035614,3.77979122485218,0.00930945001378403,4.1765515477743e-05,0.0562483653656461,0.0152516521502419,9.45866085819473e-05,0.0941548724598859
"cg03883228",-1.90521024530026,-0.0942616069774988,-1.72340159301728,-1.88108268712858,2.55624410527844e-11,0.000956637301193886,0.21894386320369,1.711572140056e-10,0.00186483727068175,0.269738839466946
"cg04009254",-3.97899135972987,-3.85771916544639,-3.87599857761237,-3.89485258546908,0.0215010384972493,0.000523055897225122,0.00746217280809036,0.032462352240945,0.00105987642332459,0.0157421179787112
"cg04191300",-0.133150473707287,1.58078807893928,0.821306892176769,-0.0310255907582851,0,6.0462745921086e-13,0.000267918307363613,0,3.10375429061575e-12,0.00095952137986038
"cg04312358",-0.88342185941124,-1.80415088213127,-1.62378586050373,-2.22199148467976,2.66025304158646e-05,7.06636971159469e-11,1.31712629691805e-09,7.72979185668518e-05,2.79031009124508e-10,2.8976778532197e-08
"cg04384181",-4.09008012156534,-4.02572843272459,-4.07120884823673,-4.06769535870284,0.00695172649096454,0.266023331181722,0.539196816993616,0.0121655213591879,0.310360553045342,0.58476274519026
"cg04524321",-3.96638547214256,-3.92220628668863,-3.95583223686736,-3.98549659079078,0.582521460498331,0.845097362218328,0.837919502635737,0.645383488609662,0.867633291877484,0.860264022706023
"cg04724807",1.86915991331938,0.629672292477763,1.77676583491057,1.11306961933458,5.20700085049342e-07,0.0294699142091237,7.29061480491122e-05,1.8224502976727e-06,0.0398102349842548,0.000303447210799008
"cg05091796",-2.81640335921636,-2.86762625154586,-2.8385639213088,-2.91404540487683,0.236014079464419,0.757320159508791,0.141274136433978,0.288461652678734,0.788022328137526,0.194251937596719
"cg05335886",-2.56669010372436,-0.808278773167415,-2.7736467043945,-2.66228770973343,4.31849055404498e-08,1.56207158319432e-10,0.0837422640243478,1.66261886330732e-07,5.72759580504586e-10,0.134336548539058
"cg05657564",3.05295822717458,2.99850157485831,3.00900620409632,2.97746122743282,0.182177829057292,0.00215229235997638,0.00332007549947855,0.224443085398584,0.00395998218248284,0.00774684283211661
"cg05792273",1.90757245254082,1.89741185052807,1.95775387439717,1.86856242548554,0.566764144604005,0.165469315189379,0.557397324873006,0.632475929485628,0.200647831017042,0.591994400209951
"cg05959980",1.80444036956052,1.38810919534082,2.17301733409055,1.71578116406828,0.000405267173922197,0,0.21894386320369,0.000945623405818459,0,0.269738839466946
"cg06096916",3.24189203890023,3.01487618789222,3.10676249343112,2.96437173634306,0.0125023392700419,0.0182028930170779,0.000330802583252687,0.0200558359123588,0.0259559770799074,0.00115780904138441
"cg06156502",2.15426937095094,2.14493099585535,2.22454475036935,2.22906909353619,0.527448555554207,0.00290305040064354,0.203886884145507,0.597257923201087,0.00513873289309316,0.259492398003373
"cg06679563",2.92058538918321,2.63343149666479,2.50801505158043,2.48430163604855,0.000750519701935515,7.26474436163471e-12,2.33900154800182e-09,0.00156189235267661,3.19648751911927e-11,3.28452007813951e-08
"cg06730723",-2.06129071094123,-1.70427417817234,-2.22321385154843,-2.00733146316546,0.0138900645180406,6.82470859825202e-08,0.113665913899436,0.0216067670280632,2.10201024826162e-07,0.168312987889549
"cg06852605",4.36076699679901,4.33027978879958,4.39692534720825,4.19145843070811,0.873527234595973,0.948763291160907,0.298959963543197,0.896821294185199,0.954964358423397,0.35689794097405
"cg06962867",1.51182146744797,1.30556094677791,2.36428599083695,1.56934648283657,0.0288699987915533,0,0.00919293600563686,0.042749805902877,0,0.0186277913798431
"cg07141452",2.42752595456177,2.36966390868309,2.43269975150905,2.32308980073222,0.920837495098665,0.447456644652507,0.411687876550835,0.926856040818264,0.499335675916566,0.45611462581891
"cg07177395",0.336927247829438,0.358001163225004,0.975418922725595,-0.0967533344320579,0.00360437435639094,2.92643687060945e-12,9.83738103976783e-06,0.00660801965338339,1.36567053961774e-11,5.41055957187231e-05
"cg07314391",-2.5988446655137,-2.60966636883391,-2.63194811765554,-2.68227789274399,0.907573202295888,0.0138287250326653,0.208433375177196,0.919514954957676,0.0202821300479091,0.263104424404001
"cg07482916",0.435569068241551,1.5623183113314,1.97914553268321,0.838375348547281,0,0,3.30283955263244e-06,0,0,2.11932204627248e-05
"cg07532353",-1.3374293302553,2.68766863054232,0.539666479609334,0.455128762820754,0,9.05762576053348e-10,2.51004574125524e-07,0,3.24389387702827e-09,1.93273522076654e-06
"cg07598324",2.67328767460484,2.41653509651808,2.60344456708184,2.46518671677282,0.000195237087324607,0.00404309094645305,0.000506254944234064,0.00047724621346015,0.00691817784170856,0.00159108696759277
"cg07895186",-0.599504130883085,-0.627646322210473,-0.637429014513203,-0.62319368522352,0.173333404783025,0.0323804909115255,0.168305489479612,0.215268905940208,0.0426204752168797,0.221530302391967
"cg08048831",2.80490242543682,2.73080251791184,2.79036254518424,2.53986433555755,0.816108472431504,0.683999240253372,0.0293098341730336,0.854970780642528,0.726454365510477,0.0531025230899667
"cg08298644",1.10059890874366,0.70359569431642,1.55481035196453,0.897218974976792,0.000216467791244956,1.22979404437729e-12,0.013760087067257,0.000520875622683176,6.10929944626136e-12,0.0261611531895996
"cg08303370",-2.72822022748309,-2.85959573659444,-2.93024583967186,-2.83695297162421,0.00122054336846023,1.09171893747373e-10,0.000948898603838844,0.00237928707269462,4.10060283831596e-10,0.00265691609074876
"cg08330217",1.86059321126515,-0.272455971025515,1.31719771250188,0.648983546926929,0,4.5689534936777e-05,2.58908783301592e-10,0,9.91012447924458e-05,6.6453254380742e-09
"cg08528735",-1.17815822351646,-1.59966214281795,-1.72965696556074,-1.66658632123743,1.37920793674695e-08,0,1.49472323407451e-10,6.24700065467737e-08,0,4.6037475609495e-09
"cg08773180",1.63579112797275,1.28355722595991,1.87258874444781,1.43010559299675,0.00885673609606408,0,0.00919293600563686,0.0148254060738464,0,0.0186277913798431
"cg09035079",1.3104410589083,1.42759024221507,2.1782046730311,1.51615474765896,0.00930945001378403,0,0.000459383962383764,0.0152516521502419,0,0.00147385687931458
"cg09101767",2.0863266146475,2.72012634556528,2.88286587054191,2.29008602061576,1.82032164897095e-08,0,0.00193857857791402,7.57647389031151e-08,0,0.00497568501664598
"cg09129976",2.74530206792255,2.57693509204735,2.81379970844363,2.67325185559097,0.635694898734215,0.0793391103410557,0.381103981182907,0.684594506329155,0.0993351462806713,0.430718806885539
"cg09182900",2.65520165479807,2.4862601044708,2.61684270456551,2.54747341123604,0.00256775908252538,0.162299932937178,0.0975608544249119,0.00476427588805914,0.198366584700996,0.150243715814364
"cg09232068",-3.41220768476397,-3.39711252735918,-3.40579326802056,-3.39842539575227,0.627796026423384,0.560010612142904,0.693308628160622,0.680849211754938,0.603088351538512,0.721415734707674
"cg09604352",-3.49174830711048,-3.42980444242619,-3.43569886063846,-3.50580859466311,0.0906421345074331,0.00324179979415817,0.10894655877678,0.117301585833149,0.0056731496397768,0.162890971374991
"cg09624684",-2.43675252888736,-2.05713769259554,-2.68719559899219,-2.36494243229667,0.0478497019859276,0.28802615874115,0.875024209658868,0.0663860730255212,0.333503973279226,0.886537686101748
"cg09889477",2.2911694538794,1.4373330605611,2.18593983065187,1.57229328906906,0.00063848789351495,0.541634577253474,0.0118594770944187,0.0013656546611292,0.587406513359401,0.0231184743359554
"cg10168434",-2.94810773460313,-2.4971814581359,-2.47174750674693,-2.68578704267464,0.00213104632367811,2.43648693221132e-07,0.000948898603838844,0.00405161893637567,6.82216341019171e-07,0.00265691609074876
"cg10278149",1.61181882103804,1.95381133848716,2.15543827272307,1.40412471728275,0.000374872403348991,3.38962191648307e-12,0.00825884741895166,0.000888159232549918,1.53529933864233e-11,0.0171873311151156
"cg10324701",4.15667638510221,2.52068595336994,3.95937956260882,3.82601995121722,4.51998016792743e-09,8.57442266203323e-05,2.3039838148442e-08,2.10932407836613e-08,0.000180885080815496,2.53438219632862e-07
"cg10448608",-0.0601509091463625,1.31450724111798,0.856338535406605,0.230905383254887,1.0769163338864e-14,6.0462745921086e-13,0.000107536399908237,1.38204262848755e-13,3.10375429061575e-12,0.000414015139646712
"cg10553415",-1.82217537904159,-0.11783048935463,-1.1623878554395,-1.74019185606294,2.55624410527844e-11,9.48736644801329e-11,0.0321257751128399,1.711572140056e-10,3.65263608248512e-10,0.0568663145675556
"cg10730291",2.54809389286193,2.60994750342311,2.5742412635547,2.50968655061539,0.161209026014894,0.906463340531732,0.557397324873006,0.201838943140599,0.918390489749255,0.591994400209951
"cg10759648",1.17308275892694,-0.571172171799069,0.904368350156528,0.344430082648219,4.68514116391816e-14,0.00483612441490333,4.11845767489538e-08,5.15365528030998e-13,0.00818421054829794,4.22828321289259e-07
"cg10940874",3.14217718608178,3.14848168583648,3.16103809135452,3.04869321431938,0.834832685903908,0.753446511161619,0.339123700876317,0.862847205565113,0.788022328137526,0.395644317689037
"cg11034318",1.12181518608492,0.893577995420676,1.56053015521074,0.702637858942319,0.00138824144426142,8.6443918689838e-09,0.000376851811931034,0.00267236478020323,2.83241776132661e-08,0.00126163432689955
"cg11413751",-3.80174929778674,-3.77248667530752,-3.76000462241747,-3.78942930193298,0.0438493270483882,0.00512681263569714,0.156174160689081,0.0613890578677434,0.00848956070857376,0.210972111808057
"cg11459648",1.28638494097692,2.49419653068541,2.96114416126232,1.99589646301658,1.78849488552402e-08,0,0.000119476138160435,7.57647389031151e-08,0,0.000448764031139194
"cg12446629",-0.629606373860347,0.208817944712222,-0.417644828002762,-0.890749901563054,1.78509029780116e-09,1.34615382207937e-05,0.0014354811632844,9.47944502970272e-09,3.23918263437847e-05,0.00374684913806437
"cg12598089",-1.18649182986101,-0.172489745006193,-0.819394656857158,-1.39430083167555,1.78509029780116e-09,4.74474293188365e-09,0.00105742633308092,9.47944502970272e-09,1.6237564700224e-08,0.00285690623323618
"cg12656815",1.80976853155041,1.6340243591057,2.1030338877788,1.14048735900793,0.619939850398916,0.000703131777923693,7.77438394439223e-07,0.67709742525839,0.00140626355584739,5.44206876107456e-06
"cg13157315",-1.85141995683832,-1.03963142359185,-2.12154947169834,-1.90467947672737,0.0010705001285809,1.54543045027822e-12,0.0659352238955456,0.00211355153591613,7.43738404196392e-12,0.108021537020362
"cg13175786",2.07364776379585,1.22575073635909,2.41958669105353,2.12138557969023,6.51036474713651e-05,2.71020983433345e-11,0.017563616394303,0.000175894065098074,1.12803328239825e-10,0.0321999633895556
"cg13261306",2.11358264783787,0.85955012999808,2.0797366950003,1.59630017231909,1.19052434577327e-10,3.06856201897077e-05,0.00460581458763643,7.33362996996334e-10,7.15997804426512e-05,0.0101327920928001
"cg13289869",-1.56109858706113,-1.6891777557172,-2.1218973076397,-2.38410293615922,1.3131523974752e-05,0,8.4821039081362e-14,4.12705039206493e-05,0,6.53122000926487e-12
"cg13511387",-3.96998221909878,-3.95902696701418,-3.98682588061041,-3.97573706843773,0.433611696327286,0.709119707288687,0.952563313442195,0.502076701010542,0.74797558166067,0.952563313442195
"cg13565575",-1.68869464414799,-0.342163778836689,-1.96242445526434,-2.16997404687249,2.55624410527844e-11,1.5709655798446e-13,2.34608577009965e-09,1.711572140056e-10,8.64031068914528e-13,3.28452007813951e-08
"cg13667638",-2.05433547810267,-1.02474825406254,-2.03877976593735,-1.95541026188474,2.46606766118873e-08,0.00496982841831495,0.233687995481697,9.99406367955433e-08,0.00831906061326633,0.285618661144297
"cg13798621",1.11373846086033,0.611949380039752,1.00572541860425,0.264159438364685,0.00578356990511941,0.0550582142460692,8.76944596939211e-08,0.0102375835102114,0.0700740908586335,7.90313699407606e-07
"cg14119350",-2.29718086379644,-1.28678045227086,-2.22384612160342,-2.33535314035988,3.5022413265362e-05,0.541634577253474,0.185539694521999,9.98787341271436e-05,0.587406513359401,0.240110192910823
"cg14173476",0.932419340321317,2.60432813985266,2.765437748889,1.78586055386983,0,0,1.49472323407451e-10,0,0,4.6037475609495e-09
"cg14427563",3.14732718765762,2.29049058020825,3.01624057418008,2.94353245958473,6.32453191209414e-05,0.000479248661812148,0.00675404259847801,0.000173924627582589,0.000984057252254278,0.0144461466689668
"cg14812313",4.26412681800919,4.10077251957475,4.25204137982095,3.96320196940293,0.0360611719847715,0.0533588737965447,0.00634046980291292,0.0528897189109983,0.0684772213722324,0.0137525683049097
"cg14825094",-2.88884243219697,-2.81919057459329,-2.80831439747699,-2.72990333315896,0.264520811854506,0.00752431019076705,0.011297703195526,0.318251601762452,0.011704482518971,0.0223057216937309
"cg14837598",-0.687808925082912,-0.442965742751451,-0.956291916689295,-0.559611043145136,0.0138900645180406,2.34835525358967e-07,0.179676036616874,0.0216067670280632,6.69716127875573e-07,0.234492454567785
"cg14841337",-2.92818776608188,-0.998592153661471,-2.65539285420771,-2.75159891838093,2.14570583523255e-11,0.0226454894237413,0.532311968539054,1.65219349312906e-10,0.0314180664077132,0.581390376985917
"cg14906304",3.62701131632262,2.63114514419535,3.49927211200157,3.38948740568362,2.66025304158646e-05,6.56528789390043e-05,1.65993925632657e-05,7.72979185668518e-05,0.000140424213286204,8.24614985400941e-05
"cg15255086",-0.38601206579514,-0.231578092304762,0.603903075684729,-0.602501693862528,0.00225545586631171,0,0.0349724012971078,0.00423585613917077,0,0.0612017022699386
"cg15471197",2.46490078696915,2.31550038626611,2.39441278389556,2.42798339784088,0.00106958585665118,0.0308090874617217,0.211606404199084,0.00211355153591613,0.0412573866878708,0.264938099566333
"cg15595571",2.79137495753266,2.84599180892864,2.75790456354081,2.73857580272804,0.27701540612366,0.167127047176969,0.127081151737177,0.328156711869566,0.20107472863479,0.179545847408488
"cg15648792",0.654383753595662,1.84232564840469,1.26122352575506,0.942736204778038,2.14570583523255e-11,6.78339606707823e-11,0.00119930608423591,1.65219349312906e-10,2.74906051139486e-10,0.00318436443055741
"cg15700022",1.75104280902396,1.75639099965761,1.96485438582256,1.44707214326082,0.156477208302472,0.00255113737956758,0.0159088189125751,0.19752041048017,0.00462206066415773,0.0295175676209225
"cg15771941",3.1071016354375,2.91527240000977,3.02513620790424,2.80456539597771,0.0086939877807628,0.00072673453667127,0.0010112262045342,0.014712902398214,0.00143483485445353,0.00278087206246905
"cg16105676",-1.99630485606634,-0.479455617795397,-2.08947607711248,-2.02868207784961,1.26831878333178e-12,9.71987874764935e-06,0.0366666503874814,1.14894760372408e-11,2.41429246312581e-05,0.062740712885246
"cg16215362",2.1008587860462,2.95835227305793,2.89241259882195,2.7797430438855,9.00189449903888e-06,1.7569723453903e-11,4.0347445542821e-05,2.94955692096167e-05,7.51593725528071e-11,0.000177528760388412
"cg16253142",-4.48437258639436,-4.37050251023637,-4.40697983928754,-4.41267464324825,0.0265591649805198,0.00901302882164545,0.0395840197541583,0.0397098194854374,0.0137426380052812,0.0669883411224217
"cg16394290",0.135565431206592,0.909100685741658,1.22534748271503,0.222171913802307,5.88671555945552e-10,0,0.00460581458763643,3.35760813391167e-09,0,0.0101327920928001
"cg16558358",-3.4714435351663,-3.22861302063773,-3.35457224844566,-3.40244744321092,0.000553864436959484,0.00661481144611364,0.127081151737177,0.00125434004840824,0.0105018655948608,0.179545847408488
"cg16680873",1.50777469802002,0.770526925802961,1.45580707680818,1.02638767845377,3.4310016960859e-07,0.0222105321851804,0.00460581458763643,1.2580339552315e-06,0.0313253801864189,0.0101327920928001
"cg16793150",-2.94437196121579,-2.97071732882453,-2.997259758043,-2.95482938761657,0.511864688357191,0.155298696231313,0.853464078855435,0.583904903755611,0.191327993756977,0.870420318832695
"cg16956007",2.31936794980021,2.31285578338554,2.34282650378561,2.24387248580169,0.777687814145767,0.356429978932185,0.0688945983634259,0.825958092265159,0.409628483250422,0.111681769978606
"cg17108819",-2.36103891344345,-0.870429473730649,-2.48458220078941,-2.45561177881467,4.31849055404498e-08,4.5689534936777e-05,0.00260367094783942,1.66261886330732e-07,9.91012447924458e-05,0.00636452898360747
"cg17794169",-4.23360926387351,-4.11534545445307,-4.14692232123739,-4.18612027086388,0.000123244382967624,0.000125283326519177,0.130750023716608,0.000321688728423969,0.000260724760593962,0.183050033203252
"cg17857870",1.51633309174709,2.09129376930863,2.30994320502576,1.91884836881746,2.14570583523255e-11,0,9.75062356411982e-08,1.65219349312906e-10,0,7.90313699407606e-07
"cg18052528",1.79686362410851,1.8345834107674,2.3024113664587,1.44877323003386,0.0133462031434258,6.35082941791154e-09,0.0144568191601291,0.0211888173617276,2.12614723990952e-08,0.0271506115934132
"cg18207999",1.37474688331555,0.826340447941289,1.33121894641615,0.210057805768888,0.000750519701935515,0.0230326829010701,7.65896912557906e-09,0.00156189235267661,0.0316699389889714,9.82901037782646e-08
"cg18229396",1.28277003180888,-0.218188601935653,1.25298592377847,0.925890478604472,0,0.0143748181748236,0.00278109286081896,0,0.0208841698011587,0.00669200469634561
"cg19102713",3.62933614210881,2.70782320391173,3.42232971163646,3.45802531983822,1.69505183118535e-05,8.92490518822342e-07,0.011297703195526,5.11839180397144e-05,2.41129017366036e-06,0.0223057216937309
"cg19360930",1.96531755688616,1.10400268282438,2.9037129261591,1.73535698154325,0.00015976045022803,0,0.000459383962383764,0.000396824344114785,0,0.00147385687931458
"cg19513282",2.98666867369195,2.93235859770245,3.06622577532105,2.92542958252881,0.241945144452984,0.0102995519519612,0.449431027666008,0.293382301147713,0.0153993301029323,0.494374130432609
"cg19620972",3.83830465325125,3.62863538274157,3.71929971945543,3.74718789106469,0.0421982290269656,0.00273214874815964,0.141274136433978,0.0601715487977102,0.00489245240949516,0.194251937596719
"cg19809052",2.90052936048654,2.72097081813518,3.01329637558463,2.70074472285494,0.412170554228494,0.0148966858722138,0.395278858333791,0.484536376726627,0.0214400899469246,0.441108291184085
"cg19878076",1.26110497102818,0.914228850768098,1.40307466948022,0.803221882416633,0.000841822292084293,1.72962293265577e-07,0.000875202862996916,0.00172854177307975,5.22278297311743e-07,0.00259194694041394
"cg19993573",3.8752863297119,2.17591932715624,3.86215117689406,3.56838342837923,3.97993339817937e-06,0.186859512671347,0.000635495399878505,1.33241248547744e-05,0.219666908025859,0.0019573258316258
"cg20283498",0.931803892073841,0.751578034908135,1.11305678409824,0.568856291297313,0.0967890873537479,2.7936750319757e-06,2.77821609687701e-05,0.124212662103976,7.29196533769927e-06,0.000129650084520927
"cg20377030",-2.50325033951513,-2.26573411349041,-2.54217084126371,-2.42965628560089,0.504990727963184,0.374049830491209,0.10299096412253,0.58036247840545,0.42669388070849,0.157035727473956
"cg20561320",2.91204985910489,2.67432129293507,2.71365140981331,2.62853542630372,0.00784972858398425,3.72421463079586e-06,0.00208836852892347,0.0134317577992619,9.55881755237605e-06,0.00527227464679039
"cg20844545",-4.05295638726856,-3.68843262691489,-4.0730496188021,-4.04016727360019,0.0395846155892995,0.899172277649043,0.550425243767573,0.0575097245353974,0.91703662753611,0.591994400209951
"cg20844861",-2.13915937621778,-1.849969689523,-2.37586011405787,-2.38652148382264,0.0006361072561889,0.0900853191829886,0.318969605839705,0.0013656546611292,0.111880154469195,0.37785630230242
"cg20908614",-3.08068418575856,-3.11648983235033,-3.17445266665908,-3.15437415728319,0.566764144604005,0.00103289183812705,0.127081151737177,0.632475929485628,0.00196376966755019,0.179545847408488
"cg20919680",-4.30413401720816,-4.24693259513311,-4.32832317070146,-4.35162864302973,0.0790132556536031,0.466712832641758,0.10894655877678,0.103118994666567,0.517077526811732,0.162890971374991
"cg21783213",2.42336165868706,2.7149029990166,2.71324579687906,2.25239800035694,0.000553864436959484,4.74367700675771e-09,0.0321257751128399,0.00125434004840824,1.6237564700224e-08,0.0568663145675556
"cg21787835",3.80410498198024,3.67797202895274,3.7260064639272,3.74462539203125,0.0683753753153846,0.0223752715617278,0.352516401763129,0.0923667350751687,0.0313253801864189,0.402129821270532
"cg22328644",1.29362407799307,0.738744792829673,0.762063384484924,0.440359488325635,6.32453191209414e-05,4.76216770461946e-08,4.06156383414569e-07,0.000173924627582589,1.52786213856541e-07,2.97848014504017e-06
"cg22445447",1.1318766681943,2.49556996287869,2.86474021619,1.55232449415272,4.53859172466764e-13,0,9.83738103976783e-06,4.65962083732544e-12,0,5.41055957187231e-05
"cg22446618",2.38480743474938,2.33081973272552,2.54449084517752,2.48920626201156,0.0707624435976256,0.0263651689952248,0.0943031379725247,0.0947601418611682,0.0359312922589789,0.146693770179483
"cg22737917",-4.19285498796019,-4.09863829176526,-4.15607736562342,-4.18007083997303,0.0105162844740446,0.0332776898658609,0.23977042975676,0.0170474506210829,0.0434302054181574,0.29074524553182
"cg23067535",1.61550756570422,1.38792625234868,1.72071383710637,1.16855628140507,0.149382497979733,0.00215999028135427,0.000733047111040497,0.190123179246933,0.00395998218248284,0.00221351480588699
"cg23244913",-1.19425623938769,0.488929960401984,0.480353351674089,-2.02549273381896,1.0769163338864e-14,0,0.000376851811931034,1.38204262848755e-13,0,0.00126163432689955
"cg23650686",2.92582594840011,2.93051255728582,3.05033158912931,2.92052683823458,0.791374137682418,0.16873374844901,0.160175531548672,0.83473710413077,0.201434087295717,0.214495929204308
"cg23652866",-3.10405330099651,-2.49181218896107,-3.12357129186904,-3.10615351271501,0.0733092732527093,0.47043102605716,0.344810801972494,0.0973243800079072,0.517474128662876,0.396275100774359
"cg23822732",2.75927400332928,-0.0830101769609069,2.57444916063056,1.83047723635029,0,0.406078945909483,0.000948898603838844,0,0.456468304161024,0.00265691609074876
"cg23946286",0.573871320088652,0.971672085379615,1.54863375212343,0.585473482173501,4.51998016792743e-09,0,0.000134004396150855,2.10932407836613e-08,0,0.000491349452553136
"cg24125861",1.69395120689714,1.6375442261536,1.87171662023458,1.7992968391925,0.0421982290269656,0,4.0347445542821e-05,0.0601715487977102,0,0.000177528760388412
"cg24195486",-1.04031649105082,0.18842353064475,-0.627944043297571,-0.518585974834401,5.32994759439021e-11,4.5689534936777e-05,7.57509161575243e-06,3.42004970640038e-10,9.91012447924458e-05,4.6662564353035e-05
"cg24239148",-3.78365113280247,-1.26583381006029,-3.64748685406487,-3.08549864080888,5.20700085049342e-07,0.0567449084802691,0.0039245889293219,1.8224502976727e-06,0.0716288189013233,0.00902069694202348
"cg24651706",-2.72985975085079,-2.83151445077473,-2.82950652005707,-2.81070757182656,0.076250052567391,0.00160109019751087,0.333601922633016,0.100363317054515,0.00300692549288626,0.39217325256095
"cg24880892",2.79686001973357,2.56796054093084,2.81743270722439,2.57970868820338,0.000611808178418216,0.966000217713119,0.013760087067257,0.0013654849199479,0.966000217713119,0.0261611531895996
"cg24883498",-1.81350449862823,-1.73008909896257,-1.89065047546303,-1.78424436698599,0.0592558039351255,0.0317790787550483,0.161860340260328,0.0807556973983127,0.0421894666230813,0.214883555173194
"cg24913868",-1.72611394659048,-0.152165935132388,-1.85001074322764,-1.65007163267559,3.87191390061048e-10,0.0101396223067145,0.383171925605967,2.29336438728467e-09,0.0153088415219023,0.430718806885539
"cg25052664",-1.9528322228141,-0.416591598992669,-2.18894525330677,-1.88257616885486,1.26831878333178e-12,5.52468393089089e-06,0.199109347434371,1.14894760372408e-11,1.39475627107737e-05,0.255523662540776
"cg25099516",0.452810524335826,1.33119515517527,1.75304296052973,0.795980977704068,8.1771739890435e-07,0,6.58668474480262e-05,2.79841065402822e-06,0,0.000281763736305445
"cg25387540",1.91212473058434,2.04086188872673,2.51976937376103,1.83965523969482,0.0438493270483882,0,0.0584470941468821,0.0613890578677434,0,0.0967833602002134
"cg25682097",-1.82753586953061,-0.79101143416707,-2.20052709678721,-2.11276077122087,3.4310016960859e-07,0,9.75062356411982e-08,1.2580339552315e-06,0,7.90313699407606e-07
"cg25730020",2.10301389469845,2.04209671418352,2.29288665131203,1.13894715944668,0.619939850398916,0.0053083588241688,1.263462179657e-05,0.67709742525839,0.00869667296725527,6.70941985059237e-05
"cg26087735",1.64122395565778,1.62682551460979,1.71776122155955,1.56924068271015,0.676983773051528,0.00752431019076705,0.608425462433822,0.723996535068995,0.011704482518971,0.641763843937045
"cg26210187",-2.83969364816953,-2.14933577840211,-2.89380375463429,-2.98956954653584,0.0010705001285809,0.00387496590345349,0.00308909277521396,0.00211355153591613,0.00670499718125659,0.00731877365204539
"cg26280911",0.477061748394883,-0.498029220457296,-1.37530184194386,-0.954282648363686,1.82032164897095e-08,0,0,7.57647389031151e-08,0,0
"cg26306256",-2.52967724933923,-2.51487780733974,-2.53755747190544,-2.44793973258697,0.960580223423865,0.400612975868887,0.127081151737177,0.960580223423865,0.453635281498592,0.179545847408488
"cg26416887",-0.429873098763898,0.940936404989721,0.847433056027504,-0.548435655246074,4.68514116391816e-14,0,0.00220747686491929,5.15365528030998e-13,0,0.00548308769673501
"cg26979504",-0.403800116676975,-0.0197150328959009,-0.00357011852293639,-0.488647203960984,1.3131523974752e-05,7.23693830417815e-07,0.0872993687227489,4.12705039206493e-05,1.99015803364899e-06,0.137184722278605
"cg27173717",-0.178820160971599,0.174940299600047,-0.221285488992151,-0.776085764407484,0.00063848789351495,0.00875566832161179,9.42205481642144e-05,0.0013656546611292,0.0134837292152822,0.000381841168876027
"cg27432242",1.72932398169744,1.2782202608314,1.3866058129732,1.00601013223736,0.000139505233841652,2.79027373385476e-05,2.3039838148442e-08,0.000358063433526908,6.61080238482513e-05,2.53438219632862e-07
"ch.9.98463211R",-2.89192813611629,-3.23595846867645,-3.13011547038316,-3.46031264023179,1.69505183118535e-05,1.80135670602155e-07,7.73563435529923e-11,5.11839180397144e-05,5.23840253246089e-07,3.9709589690536e-09
