"","probes"
"1","cg00023464"
"2","cg00936146"
"3","cg00953355"
"4","cg02238504"
"5","cg02310027"
"6","cg02540440"
"7","cg02544836"
"8","cg02756106"
"9","cg04131583"
"10","cg06892815"
"11","cg07713896"
"12","cg08330217"
"13","cg08568720"
"14","cg09035079"
"15","cg09556823"
"16","cg12259903"
"17","cg12387106"
"18","cg13175786"
"19","cg13931277"
"20","cg14008571"
"21","cg14812313"
"22","cg15595571"
"23","cg16394290"
"24","cg18052528"
"25","cg20370909"
"26","cg20585869"
"27","cg20827077"
"28","cg21207665"
"29","cg21669326"
"30","cg21972063"
"31","cg23244913"
"32","cg23626762"
"33","cg23946286"
"34","cg24700929"
"35","cg25099516"
"36","cg26000619"
"37","cg26087735"
